game_id,day,date,p1,p2,p3,p4,score1,score2,team1_expected_win_prob,team1_actual_win,brier,rolling_brier,correct_prediction,rolling_accuracy
1,1,,TT,NS,SY,CH,21,13,0.5,1.0,0.25,0.25,1,1.0
2,1,,TT,SY,FZ,NS,14,21,0.4340585017298057,0.0,0.18840678292392374,0.21920339146196188,1,1.0
3,1,,NS,CH,FZ,TT,27,25,0.4777441040594442,1.0,0.27275122084467274,0.2370526679228655,0,0.6666666666666666
4,1,,CH,TD,FZ,SY,11,21,0.625122300821578,0.0,0.3907778909844635,0.275483973688265,0,0.5
5,1,,CH,SY,TD,NS,21,19,0.2879448109205093,1.0,0.5070225922950293,0.3217916974096179,0,0.4
6,2,,CH,SY,TT,TD,21,7,0.7714052704840082,1.0,0.05225555036248945,0.27686900623509647,1,0.5
7,2,,RS,TD,SY,TT,13,21,0.2990482539881732,0.0,0.08942985821337494,0.2500919850891362,1,0.5714285714285714
8,2,,TT,RS,TD,CH,10,21,0.6410357325213845,0.0,0.41092681036922796,0.2701963382491477,0,0.5
9,2,,TD,SY,CH,TT,16,21,0.39199387876404435,0.0,0.1536592009884803,0.25724776744240685,1,0.5555555555555556
10,2,,TD,TT,RS,SY,20,22,0.2830738854668904,0.0,0.08013082463332218,0.23953607316149844,1,0.6
11,2,,CH,TD,SY,RS,18,21,0.389098751319887,0.0,0.1513978382786953,0.23152350635397087,1,0.6363636363636364
12,2,,CH,RS,TD,SY,17,21,0.7467018247567767,0.0,0.5575636150951001,0.25869351541573166,0,0.5833333333333334
13,3,,CH,SY,TT,TD,21,15,0.9488731101580307,1.0,0.0026139588649128674,0.23899508798874555,1,0.6153846153846154
14,3,,TD,CH,TT,SY,18,21,0.19993622171490005,0.0,0.03997449275362967,0.2247793311862373,1,0.6428571428571429
15,3,,RS,CH,TT,SY,15,21,0.239665223413428,0.0,0.05743941931380835,0.2136233370614087,1,0.6666666666666666
16,3,,RS,SY,TT,CH,18,21,0.6084959635994787,0.0,0.37026733771685805,0.22341358710237427,0,0.625
17,3,,RS,TT,CH,SY,18,21,0.06993059892068888,0.0,0.004890288665406253,0.21055927542961145,1,0.6470588235294118
18,3,,RS,TT,CH,TD,15,21,0.42948602389270746,0.0,0.18445824471916727,0.2091092181679201,1,0.6666666666666666
19,4,,FZ,TT,CH,RS,21,12,0.7458221859809382,1.0,0.06460636113950878,0.201503804640109,1,0.6842105263157895
20,4,,RS,FZ,TT,SY,14,21,0.16294130614069652,0.0,0.026549869246836184,0.19275610787044534,1,0.7
21,4,,RS,SY,CH,TT,17,21,0.2955813996619071,0.0,0.08736836382609206,0.18773764386833328,1,0.7142857142857143
22,4,,TT,FZ,CH,SY,21,14,0.2995689054393951,1.0,0.4906037182273671,0.20150428361192574,0,0.6818181818181818
23,4,,FZ,CH,RS,TT,21,14,0.9532390613350644,1.0,0.0021865853848258674,0.19283829673248662,1,0.6956521739130435
24,5,,AC,SY,CH,FZ,17,21,0.3896634396121504,0.0,0.15183759617037196,0.19112993420906518,1,0.7083333333333334
25,5,,AC,CH,FZ,SY,10,21,0.15972996852851812,0.0,0.025513662846121388,0.1845052833545474,1,0.72
26,5,,AC,CH,FZ,TT,16,21,0.17571429445604592,0.0,0.03087551327618601,0.1785964460438412,1,0.7307692307692307
27,5,,CH,SY,AC,FZ,20,22,0.5701489134038348,0.0,0.32506978345557347,0.18402138446649796,0,0.7037037037037037
28,5,,CH,FZ,AC,SY,19,21,0.812928362327834,0.0,0.6608525222770143,0.20105106795973068,0,0.6785714285714286
29,5,,AC,FZ,CH,SY,19,21,0.6935882352674002,0.0,0.48106464010134653,0.21070670837840708,0,0.6551724137931034
30,6,,NS,SY,TT,FZ,21,15,0.5776458810485133,1.0,0.17838300179528654,0.20962925149230308,1,0.6666666666666666
31,6,,AC,SY,FZ,NS,13,21,0.29374065566734014,0.0,0.08628357279187888,0.20565035863099906,1,0.6774193548387096
32,6,,FZ,CH,NS,SY,21,15,0.26321297011877165,1.0,0.5428551274012021,0.2161880076550679,0,0.65625
33,6,,FZ,CH,TT,SY,21,9,0.642113727477731,1.0,0.1280825840598838,0.21351814633400173,1,0.6666666666666666
34,6,,NS,FZ,AC,TT,21,15,0.907582889447792,1.0,0.00854092232281904,0.2074894044513199,1,0.6764705882352942
35,6,,AC,FZ,CH,NS,21,19,0.4805381617426051,1.0,0.2698406014057519,0.20927086722144653,0,0.6571428571428571
36,7,,AC,FZ,CH,NS,15,21,0.6451313115468817,0.0,0.4161944091381998,0.21501874338580076,0,0.6388888888888888
37,7,,FZ,CH,AC,NS,21,14,0.7759942069272434,1.0,0.050178595330154646,0.2105636042491617,1,0.6486486486486487
38,7,,NS,CH,FZ,TT,21,18,0.44322726670763735,1.0,0.3099958765378484,0.2131802429936008,0,0.631578947368421
39,7,,AC,CH,NS,TT,19,21,0.3358620926298217,0.0,0.11280334526568293,0.21060647638519264,1,0.6410256410256411
40,7,,CH,FZ,AC,TT,21,19,0.936261210785645,1.0,0.004062633250511984,0.20544288030682564,1,0.65
41,7,,TT,CH,AC,NS,20,22,0.4751877809400748,0.0,0.22580342715475252,0.2059394790104336,1,0.6585365853658537
42,8,,NS,CH,AC,TT,21,16,0.9258259497883436,1.0,0.005501789724801318,0.20116715307506142,1,0.6666666666666666
43,8,,AC,FZ,SY,TT,21,16,0.5847909305861382,1.0,0.17239857132352512,0.20049811629014194,1,0.6744186046511628
44,8,,CH,FZ,TT,SY,21,14,0.8389930910757906,1.0,0.025923224721328672,0.19653050511812345,1,0.6818181818181818
45,8,,FZ,CH,SY,AC,15,21,0.8549544823870245,0.0,0.730947166953665,0.20840643093669106,0,0.6666666666666666
46,8,,FZ,SY,CH,AC,21,16,0.8856651660879067,1.0,0.013072454245705963,0.20416004013906097,1,0.6739130434782609
47,9,,NS,FZ,CH,SY,15,21,0.82169162651504,0.0,0.675177129084932,0.21418168032939863,0,0.6595744680851063
48,9,,SY,FZ,AC,NS,18,21,0.7866901609442352,0.0,0.6188814093264666,0.22261292468350424,0,0.6458333333333334
49,9,,AC,FZ,NS,CH,17,21,0.35176219198320713,0.0,0.12373663970883067,0.22059504131667415,1,0.6530612244897959
50,9,,NS,SY,FZ,CH,19,21,0.712051323679984,0.0,0.5070170875544174,0.226323482241429,0,0.64
51,10,,NS,CH,AC,TT,21,15,0.9115533133162181,1.0,0.007822816385339076,0.22203915545993705,1,0.6470588235294118
52,10,,TT,NS,CH,AC,18,21,0.5413440652851179,0.0,0.293053397019418,0.22340481395146555,0,0.6346153846153846
53,10,,FZ,AC,CH,NS,21,14,0.3507350100013211,1.0,0.4215450272379846,0.22714330854177722,0,0.6226415094339622
54,11,,NS,CH,TT,SY,19,21,0.7992888591871332,0.0,0.6388626804206688,0.2347677413543493,0,0.6111111111111112
55,11,,SY,NS,CH,TT,21,18,0.8436244773039322,1.0,0.024453304098468416,0.23094384249515146,1,0.6181818181818182
56,11,,NS,FZ,CH,SY,14,21,0.6368904443345592,0.0,0.4056294380846723,0.23406322813067862,0,0.6071428571428571
57,11,,FZ,SY,NS,TT,23,21,0.885351416875277,1.0,0.013144297612506527,0.23018745741983346,1,0.6140350877192983
58,11,,SY,FZ,CH,TT,21,17,0.9104663276471456,1.0,0.008016278484988279,0.22635691985199133,1,0.6206896551724138
59,11,,FZ,CH,NS,AC,21,9,0.6801679599294553,1.0,0.10229253385568648,0.22425413364866414,1,0.6271186440677966
60,11,,CH,NS,AC,SY,21,18,0.46017111569745384,1.0,0.29141522432733175,0.22537348515997524,0,0.6166666666666667
61,11,,CH,SY,FZ,NS,22,24,0.45671091209770953,0.0,0.20858485722912176,0.22509826175127273,1,0.6229508196721312
62,12,,NS,CH,SY,TD,12,21,0.8667397669216357,0.0,0.7512378235633713,0.233584383715984,0,0.6129032258064516
63,12,,SY,CH,NS,TD,22,20,0.8812048756313884,1.0,0.014112281573753901,0.2301006995549962,1,0.6190476190476191
64,12,,CH,NS,AC,TD,21,10,0.8889848482352114,1.0,0.012324363921359046,0.22669794431072066,1,0.625
65,12,,AC,SY,TD,NS,21,12,0.8425167120193219,1.0,0.0248009859932052,0.22359183725968193,1,0.6307692307692307
66,12,,CH,TD,SY,AC,21,15,0.12357060181255952,1.0,0.7681284900071991,0.23184239260434128,0,0.6212121212121212
67,12,,TD,CH,SY,NS,21,19,0.13908083863626036,1.0,0.7411818024032448,0.23944447334760854,0,0.6119402985074627
68,12,,AC,SY,NS,CH,14,21,0.4065475989919227,0.0,0.1652809502460972,0.23835383330199805,1,0.6176470588235294
69,12,,TD,FZ,NS,CH,24,22,0.3941175957982641,1.0,0.36709348772127565,0.24021962539503103,0,0.6086956521739131
70,12,,FZ,TD,NS,SY,18,21,0.46477220898821775,0.0,0.21601320624778755,0.2398738194072133,1,0.6142857142857143
71,13,,SY,NS,FZ,CH,13,21,0.34505064082076786,0.0,0.11905994473082256,0.23817221553853174,1,0.6197183098591549
72,13,,FZ,NS,CH,SY,21,17,0.5386949420706717,1.0,0.21280235647118093,0.2378198563848185,1,0.625
73,13,,SY,FZ,NS,CH,21,17,0.7465386302362622,1.0,0.06424266596251021,0.2354420866530061,1,0.6301369863013698
74,13,,CH,SY,AC,FZ,17,21,0.5664826267886521,0.0,0.32090256645337134,0.2365969580016597,0,0.6216216216216216
75,13,,AC,CH,NS,FZ,7,21,0.1785378380131728,0.0,0.03187575960241793,0.23386734202300313,1,0.6266666666666667
76,13,,NS,CH,AC,SY,17,21,0.6068157592192773,0.0,0.368225365636868,0.23563521075476448,0,0.618421052631579
77,13,,FZ,SY,AC,NS,21,16,0.900894150027022,1.0,0.009821969498866424,0.23270257125793464,1,0.6233766233766234
78,13,,SY,NS,CH,TD,21,15,0.7514895836607285,1.0,0.061757427029118066,0.23051096684474467,1,0.6282051282051282
79,13,,TD,NS,CH,SY,21,18,0.18217478676812898,1.0,0.6688380793977554,0.236059411307441,0,0.620253164556962
80,13,,FZ,TD,CH,NS,20,22,0.5997069571298613,0.0,0.3596484344299573,0.23760427409647247,0,0.6125
81,13,,CH,FZ,TD,SY,21,14,0.8366690221319326,1.0,0.026677008331339118,0.23481273670061423,1,0.6125
82,13,,TD,FZ,SY,CH,14,21,0.45816101792313146,0.0,0.20991151834436,0.23508154589336966,1,0.6125
83,13,,TD,TT,CH,NS,15,21,0.09092317358606788,0.0,0.008267023494962233,0.2317754934264983,1,0.625
84,13,,NS,TD,TT,CH,10,21,0.510737841862314,0.0,0.26085314311017405,0.2301514340780697,0,0.625
85,14,,FZ,CH,NS,SY,21,12,0.6737678592351644,1.0,0.10642740966800754,0.22514399429523194,1,0.6375
86,14,,SY,FZ,NS,CH,21,12,0.7743036665446044,1.0,0.05093883493520914,0.22512753535239094,1,0.6375
87,14,,TD,FZ,TT,NS,21,13,0.6994388457147535,1.0,0.09033700746527978,0.22513887471803976,1,0.6375
88,14,,AC,TD,TT,SY,13,21,0.2788785394277066,0.0,0.07777323975333089,0.22097445508534103,1,0.65
89,14,,AC,NS,TT,CH,16,21,0.5480973701992433,0.0,0.3004107272193264,0.22280884916322657,0,0.6375
90,14,,CH,SY,FZ,NS,22,20,0.3780190198206445,1.0,0.3868603397048717,0.22664296810162093,0,0.625
91,14,,AC,SY,TD,NS,21,18,0.7416552819223562,1.0,0.06674199335861726,0.22558477004011998,1,0.625
92,14,,NS,FZ,AC,TD,21,9,0.9515289280598828,1.0,0.0023494448150240205,0.21864459291161903,1,0.6375
93,14,,FZ,CH,TD,SY,21,13,0.8974318054986082,1.0,0.010520234523275331,0.21874342135734856,1,0.6375
94,14,,FZ,CH,NS,SY,20,22,0.7432026640232087,0.0,0.5523501998111944,0.22514811769556808,0,0.625
95,15,,SY,CH,NS,SY,21,18,0.5672894567478776,1.0,0.1872384142415469,0.22677060513216488,1,0.625
96,15,,SY,FZ,AC,CH,21,18,0.8839976791442077,1.0,0.01345653844393019,0.2223104701412532,1,0.6375
97,15,,FZ,NS,CH,TT,21,11,0.8260408742546108,1.0,0.030261777430100126,0.22262761375081194,1,0.6375
98,15,,AC,NS,TT,SY,8,21,0.4013410539979028,0.0,0.16107464162414756,0.2223353187121242,1,0.6375
99,15,,NS,CH,TT,SY,21,17,0.5744246933526956,1.0,0.18111434162794715,0.22379166846822965,1,0.6375
100,15,,CH,AC,NS,SY,22,20,0.28723140806462594,1.0,0.5080390656495358,0.22981028342326337,0,0.625
101,16,,FZ,AC,CH,TT,21,17,0.7341586673125657,1.0,0.07067161416503111,0.22960157405250015,1,0.625
102,16,,FZ,SY,CH,TT,21,16,0.911585096892163,1.0,0.007817195091568196,0.22356674251330264,1,0.6375
103,16,,FZ,CH,AC,TT,21,19,0.960591105047151,1.0,0.0015530610014046914,0.22355882345850983,1,0.6375
104,16,,FZ,TT,AC,SY,21,16,0.5648595105431137,1.0,0.1893472455647786,0.22402769407593995,1,0.6375
105,16,,TT,SY,CH,FZ,17,21,0.1235750976790812,0.0,0.01527080476639446,0.22389965834994338,1,0.6375
106,16,,AC,FZ,CH,SY,19,21,0.4573651083322937,0.0,0.20918284231981077,0.22612849996298873,1,0.6375
107,16,,AC,SY,CH,TT,16,21,0.5833743531601797,0.0,0.3403256359250581,0.22631919811885726,0,0.6375
108,16,,FZ,SY,CH,TT,21,15,0.8902598867719724,1.0,0.01204289245130031,0.2182090777460358,1,0.65
109,17,,FZ,TD,AC,SY,18,21,0.5601124036980385,0.0,0.31372590477639445,0.21611734355447396,0,0.65
110,17,,AC,FZ,TT,SY,22,20,0.6761106455056777,1.0,0.10490431395474879,0.2151988599564672,1,0.65
111,17,,AC,SY,TD,TT,24,26,0.887028375716016,0.0,0.7868193393253936,0.22395555703813613,0,0.6375
112,17,,TD,SY,TT,FZ,21,16,0.23550760168081497,1.0,0.5844486270878194,0.22447547578421884,0,0.6375
113,17,,TD,FZ,AC,TT,21,16,0.8415893756872289,1.0,0.025093925895161903,0.2231881175571598,1,0.6375
114,18,,AC,SY,FZ,CH,21,19,0.13073573761952012,1.0,0.7556203578518796,0.2325266105012731,0,0.625
115,18,,AC,FZ,CH,SY,9,21,0.375330531043095,0.0,0.1408730075330917,0.23091451557786485,1,0.6375
116,18,,FZ,SY,AC,CH,21,15,0.8808517318715922,1.0,0.014196309797998968,0.22588953933611236,1,0.65
117,18,,AC,FZ,CH,SY,21,15,0.3433912231890616,1.0,0.43113508578515664,0.23065149546679983,0,0.6375
118,18,,AC,SY,CH,FZ,18,21,0.18330581701431753,0.0,0.03360102255128646,0.22719655979196784,1,0.65
119,18,,FZ,SY,AC,CH,21,13,0.8867178772488468,1.0,0.01283283933500735,0.22594692846783437,1,0.65
120,19,,SY,CH,AC,FZ,19,21,0.6046241658472192,0.0,0.36557038192644564,0.2304657753262836,0,0.6375
121,19,,CH,FZ,SY,AC,21,14,0.8278127386348327,1.0,0.029648452976436424,0.22801383814905457,1,0.6375
122,19,,CH,FZ,TT,SY,21,15,0.8646982744618179,1.0,0.018306556933609556,0.2281738977391647,1,0.6375
123,19,,TT,CH,AC,SY,23,21,0.4025001714379867,1.0,0.3570060451316352,0.23048149116176603,0,0.625
124,19,,FZ,SY,AC,TT,21,18,0.9700891412651302,1.0,0.0008946594702573347,0.23016863409612767,1,0.625
125,19,,CH,SY,FZ,TT,21,18,0.5883434157562233,1.0,0.16946114335125365,0.2231500588010975,1,0.6375
126,19,,TT,FZ,AC,CH,17,21,0.6556323804678685,0.0,0.42985381831796393,0.22835982585200076,0,0.625
