game_id,forest_prob,context_prob,day,date,p1,p2,p3,p4,score1,score2,team1_actual_win,v3_prob,ensemble_pred_team1_win_prob,ensemble_pred_team1_win,correct,model_disagreement
54,0.5650704365079363,0.6667005000852883,11,,NS,CH,TT,SY,19,21,0,0.44706079634651086,0.525278584822538,1,0,0.08975060782971124
55,0.46318055555555554,0.9767987802866451,11,,SY,NS,CH,TT,21,18,1,0.46536734693877563,0.6391884305355546,1,1,0.2416081708167462
56,0.45700496031746035,0.3442986841779675,11,,NS,FZ,CH,SY,14,21,0,0.3818982078906892,0.37136757240116697,0,1,0.046853735917393245
57,0.6148125,0.5222243010240808,11,,FZ,SY,NS,TT,23,21,1,0.5516292596292598,0.5435270709146212,1,1,0.03862835464601306
58,0.5311180555555556,0.8477994261429643,11,,SY,FZ,CH,TT,21,17,1,0.592738356881214,0.6776105113904394,1,1,0.13708890102797933
59,0.6274662698412699,0.6331563296026428,11,,FZ,CH,NS,AC,21,9,1,0.559255525176578,0.5864281210213808,1,1,0.03357646557175175
60,0.3497549603174604,0.8330317160045482,11,,CH,NS,AC,SY,21,18,1,0.2544441828013256,0.4540232674159054,0,0,0.2532903692682367
61,0.4780079365079366,0.11351534571677976,11,,CH,SY,FZ,NS,22,24,0,0.24131493110064545,0.20496386223234986,0,1,0.15100079527924262
62,0.5307291666666667,0.8841054974744115,12,,NS,CH,SY,TD,12,21,0,0.4463129251700681,0.5976948869984429,1,0,0.1896380380761701
63,0.54715,0.6965989795142988,12,,SY,CH,NS,TD,22,20,1,0.5679612768184199,0.6110737574304662,1,1,0.06609401155891637
64,0.5960666666666667,0.557033715480054,12,,CH,NS,AC,TD,21,10,1,0.6091332001332003,0.5910273793471346,1,1,0.022132585018203265
65,0.32669047619047625,0.09408577116005437,12,,AC,SY,TD,NS,21,12,1,0.38478447742733457,0.2842040972593536,0,0,0.1256032552689743
66,0.2379722222222222,0.5892716920626121,12,,CH,TD,SY,AC,21,15,1,0.22943075178789457,0.35203291559432837,0,0,0.16765366965036793
67,0.23263888888888892,0.49531932237552767,12,,TD,CH,SY,NS,21,19,1,0.23232530961102385,0.32175268132929113,0,0,0.12390272134876527
68,0.26222222222222225,0.5148166818366849,12,,AC,SY,NS,CH,14,21,0,0.2997576024643694,0.3717516280436923,0,1,0.11128705296480056
69,0.3744345238095238,0.7079001459866817,12,,TD,FZ,NS,CH,24,22,1,0.36630158730158735,0.4826890853497575,0,0,0.15914879171041832
70,0.36703174603174604,0.2590095885275783,12,,FZ,TD,NS,SY,18,21,0,0.3268587632083873,0.30499523330161304,0,1,0.044579723300133295
71,0.4291954365079365,0.21948750459133173,13,,SY,NS,FZ,CH,13,21,0,0.29268900147471566,0.27189568558536176,0,1,0.08690344748319914
72,0.47763591269841266,0.05383970444019232,13,,FZ,NS,CH,SY,21,17,1,0.29813205048919345,0.22045776869880965,0,0,0.17368669526867947
73,0.48140376984126976,0.6332600603290518,13,,SY,FZ,NS,CH,21,17,1,0.5502967270824413,0.5764374716690537,1,1,0.06208371336038648
74,0.34311210317460306,0.6048252238062031,13,,CH,SY,AC,FZ,17,21,0,0.2788501657073086,0.39160954358495154,0,1,0.14098191082560851
75,0.2796388888888888,0.6102102054865636,13,,AC,CH,NS,FZ,7,21,0,0.2545958723815867,0.3762560361324979,0,1,0.1620583235006605
76,0.3959037698412697,0.9386918688334647,13,,NS,CH,AC,SY,17,21,0,0.43700469371897954,0.6063453055415733,1,0,0.2467563413629626
77,0.5720972222222224,0.4389501848078557,13,,FZ,SY,AC,NS,21,16,1,0.5954544820259107,0.5415423031776614,1,1,0.0689341797219775
78,0.43923710317460307,0.30279427773924417,13,,SY,NS,CH,TD,21,15,1,0.29394339787196927,0.3013115081859218,0,0,0.06650417153814685
79,0.2650972222222222,0.44282538416910217,13,,TD,NS,CH,SY,21,18,1,0.22814575900290193,0.3022453754559896,0,0,0.0937135420337278
80,0.46296626984126976,0.817036902223251,13,,FZ,TD,CH,NS,20,22,0,0.39994409558695265,0.5436463150709236,1,0,0.18357687354677032
81,0.5134930555555555,0.9565498099497596,13,,CH,FZ,TD,SY,21,14,1,0.6151663574520717,0.7281865322443901,1,1,0.18949623554516776
82,0.3505257936507936,0.8242014865781778,13,,TD,FZ,SY,CH,14,21,0,0.3446664763807621,0.5078841593659844,1,0,0.22468665086049258
83,0.32584722222222223,0.3768964016770794,13,,TD,TT,CH,NS,15,21,0,0.2627252747252747,0.3034371163137968,0,1,0.0466969487562169
84,0.2191805555555556,0.6964033520601296,13,,NS,TD,TT,CH,10,21,0,0.433387456737081,0.5163866541114718,1,0,0.19516476093860988
85,0.4811746031746032,0.9084366164488659,14,,FZ,CH,NS,SY,21,12,1,0.5297247514390372,0.657030281094446,1,1,0.19100105339526197
86,0.4713263888888887,0.9246998637219654,14,,SY,FZ,NS,CH,21,12,1,0.42182182896468595,0.5942854975798871,1,1,0.22629492236088017
87,0.41611904761904756,0.965837904855825,14,,TD,FZ,TT,NS,21,13,1,0.4958307673946774,0.6532418425381987,1,1,0.2425447242917202
88,0.2690416666666667,0.3786168484798787,14,,AC,TD,TT,SY,13,21,0,0.25799084249084253,0.29933520925238954,0,1,0.05444617577145998
89,0.2486388888888889,0.47627545021640055,14,,AC,NS,TT,CH,16,21,0,0.21285521120483522,0.30349160279928905,0,1,0.1166614751047379
90,0.41479960317460296,0.05222880084159914,14,,CH,SY,FZ,NS,22,20,1,0.2577469276754992,0.1925823448169463,0,0,0.1484590590937971
91,0.49226388888888883,0.1856114894914017,14,,AC,SY,TD,NS,21,18,1,0.5782378840875081,0.44216569006887335,0,0,0.16851729474059124
92,0.6225,0.9456671498169459,14,,NS,FZ,AC,TD,21,9,1,0.6024592262374222,0.7197511434673376,1,1,0.15727905777862172
93,0.5642222222222221,0.9508492486429067,14,,FZ,CH,TD,SY,21,13,1,0.6113952079666366,0.7253943922242361,1,1,0.17221910910697139
94,0.47901388888888874,0.8200345337768872,14,,FZ,CH,NS,SY,20,22,0,0.45817767946339394,0.5818340962127465,1,0,0.1658880515678189
95,0.4508621031746032,0.45715229768509075,15,,SY,CH,NS,SY,21,18,1,0.34338732695875546,0.38529166029218487,0,0,0.05220989969343856
96,0.4977013888888888,0.8633311753846152,15,,SY,FZ,AC,CH,21,18,1,0.5153834657406087,0.6331552247140193,1,1,0.16834666787489125
97,0.5526805555555554,0.737353687582306,15,,FZ,NS,CH,TT,21,11,1,0.5784068550497122,0.6316769891259695,1,1,0.08167013853189965
98,0.2823055555555556,0.3084104256052072,15,,AC,NS,TT,SY,8,21,0,0.29479996486387466,0.29905268923667816,0,1,0.010660514610594883
99,0.35099305555555543,0.13510609209440783,15,,NS,CH,TT,SY,21,17,1,0.2228741338027052,0.19687656727446962,0,0,0.08864715841087022
100,0.3326388888888889,0.37664406501245623,15,,CH,AC,NS,SY,22,20,1,0.25320925106639397,0.29755997694273,0,0,0.05107910660510149
101,0.42957043650793636,0.5101788812024327,16,,FZ,AC,CH,TT,21,17,1,0.41984777419739827,0.45085203044842614,0,0,0.040485882877348486
102,0.8454077993651977,0.9301013564687466,16,,FZ,SY,CH,TT,21,16,1,0.8319264451112002,0.865710355600386,1,1,0.043452475632626456
103,0.8348453316396864,0.9867534128528868,16,,FZ,CH,AC,TT,21,19,1,0.8778865333666657,0.9136100363401716,1,1,0.06392756980716202
104,0.6509681263759489,0.9073206330136528,16,,FZ,TT,AC,SY,21,16,1,0.6620184407204244,0.7450896766697879,1,1,0.11832717479298649
105,0.5809741582311663,0.1021409491886577,16,,TT,SY,CH,FZ,17,21,0,0.39993592055913496,0.30411677742333365,0,1,0.19741043835817043
106,0.6025164893931783,0.3891914909206347,16,,AC,FZ,CH,SY,19,21,0,0.41742734668480175,0.41337983000623624,0,1,0.09461196146633616
107,0.5062033411465461,0.13695153319335068,16,,AC,SY,CH,TT,16,21,0,0.35909720878918633,0.287980863057323,0,1,0.15178047489705312
108,0.8481148795656988,0.9452453420531136,16,,FZ,SY,CH,TT,21,15,1,0.8014042016326,0.8517115097135676,1,1,0.05991335211366376
109,0.6182940740772129,0.8657211070644701,17,,FZ,TD,AC,SY,18,21,0,0.712285640148276,0.7616339519176502,1,0,0.1019787525000286
110,0.7599616180188646,0.8833540475528303,17,,AC,FZ,TT,SY,22,20,1,0.6550590193526239,0.7358264069006814,1,1,0.09330289192502621
111,0.8742503463110054,0.8815497053066109,17,,AC,SY,TD,TT,24,26,0,0.7969896241620946,0.8280578734156975,1,0,0.03825776196028011
112,0.4783811782752363,0.3751312681860488,17,,TD,SY,TT,FZ,21,16,1,0.4446015062143119,0.4219950154465302,0,0,0.04298284431629855
113,0.8453093132357836,0.9861593462898222,17,,TD,FZ,AC,TT,21,16,1,0.7995352245063027,0.8643606485745837,1,1,0.07941631643281154
114,0.5517552611861821,0.020798753924978323,18,,AC,SY,FZ,CH,21,19,1,0.3761628200608621,0.26060681080842124,0,0,0.2208647493336626
115,0.6715580662955861,0.44062485187763606,18,,AC,FZ,CH,SY,9,21,0,0.4168882591194618,0.4325987948725248,0,1,0.1148672112795653
116,0.8487159495483481,0.9852680753690474,18,,FZ,SY,AC,CH,21,15,1,0.7838387171497079,0.8542710159162425,1,1,0.08395059704804848
117,0.6346415241457604,0.2234969510779346,18,,AC,FZ,CH,SY,21,15,1,0.4177841792381537,0.3582322420109074,0,0,0.16793335153820282
118,0.6034622534692615,0.04337082115579445,18,,AC,SY,CH,FZ,18,21,0,0.3955845492061666,0.2820682127969329,0,1,0.23117335071033393
119,0.8558886979955528,0.9677330828024271,18,,FZ,SY,AC,CH,21,13,1,0.8256630635968952,0.8748736391587358,1,1,0.06110705155225512
120,0.6646200913422823,0.7570406223681178,19,,SY,CH,AC,FZ,19,21,0,0.5715432484431511,0.6374046608646138,1,0,0.07572914378980003
121,0.7963466358909906,0.9380882838684051,19,,CH,FZ,SY,AC,21,14,1,0.8356759626910952,0.8693162720873775,1,1,0.05974554771587326
122,0.8058712715813874,0.9425907732782226,19,,CH,FZ,TT,SY,21,15,1,0.8183510389790449,0.8602181556188356,1,1,0.0617193273503895
123,0.566908215750919,0.7276647423772021,19,,TT,CH,AC,SY,23,21,1,0.6222660075586662,0.656440843642736,1,1,0.06668003138381987
124,0.8370616777935325,0.9749645089321779,19,,FZ,SY,AC,TT,21,18,1,0.8426198929084593,0.8874503159030759,1,1,0.06373833835105583
125,0.6670599976313547,0.6395155870689618,19,,CH,SY,FZ,TT,21,18,1,0.521770083846441,0.5661622523556455,1,1,0.06300957346130648
126,0.7623877273317545,0.9344892418287772,19,,TT,FZ,AC,CH,17,21,0,0.753758847735684,0.8154660481152178,1,0,0.0832378547725981
127,0.5376181966248116,0.27796818522345784,20,,AC,SY,TT,FZ,19,21,0,0.41961612378598634,0.3749958868598914,0,1,0.10614809157963981
128,0.7702339865151292,0.8929313196639439,20,,AC,FZ,TT,SY,21,18,1,0.7958066808280844,0.8280618772028879,1,1,0.05285388004810077
129,0.8299018792587342,0.9865193031151109,20,,SY,FZ,AC,TT,21,10,1,0.8470279160719583,0.8939412065622335,1,1,0.07014284286888238
130,0.7314414851452895,0.9728509269107831,20,,FZ,TT,AC,SY,21,18,1,0.761603811560083,0.8325229609868774,1,1,0.10740040774403863
131,0.3941536599564911,0.028512137864936515,21,,AC,TT,CH,FZ,24,22,1,0.2690847895109059,0.1910421540646439,0,0,0.15173483660354345
132,0.5511703950964179,0.18140623997299152,21,,AC,CH,TT,FZ,10,21,0,0.36392661709404217,0.3074870022129562,0,1,0.15095968957129466
133,0.8185666637464344,0.86046774044992,21,,AC,FZ,CH,TT,22,20,1,0.7766401463896604,0.8063993238908519,1,1,0.0342224724941423
134,0.7929060155730276,0.8161706626483992,21,,FZ,AC,TT,CH,24,22,1,0.8084568094722202,0.8106129957351453,1,1,0.00967571143098019
135,0.4154334528180917,0.025924058323356716,22,,SY,RS,CH,FZ,10,21,0,0.35303817218432265,0.24369123189060732,0,1,0.17081971748407956
136,0.4612254809454467,0.8421689349426025,22,,FZ,RS,CH,SY,19,21,0,0.2944788037048908,0.4856958486429295,0,1,0.22922256272724964
137,0.35999000043713936,0.01212608183419437,22,,NS,RS,FZ,SY,9,21,0,0.46048412612781714,0.3050275672972651,0,1,0.19210336079162413
138,0.6455365972660381,0.7217901552178375,22,,CH,NS,FZ,RS,21,23,0,0.5444560629326493,0.607782070339615,1,0,0.07263245357279921
139,0.5201521036651584,0.2038431689485177,22,,CH,RS,FZ,NS,21,17,1,0.34625998972154703,0.3030550340770254,0,0,0.12934551502444536
140,0.6114001204393267,0.7417197470116225,23,,NS,CH,TT,FZ,21,23,0,0.39488929559731806,0.5193069738234418,1,0,0.14304292454907053
141,0.8346375019907627,0.9942994997987572,23,,FZ,NS,RS,TT,21,6,1,0.8564583224352784,0.9026696981255258,1,1,0.07068576151284867
142,0.8608010709486864,0.9726243901533819,23,,TT,FZ,NS,RS,21,12,1,0.8435343196520932,0.8879429461614292,1,1,0.057219695249801375
143,0.7296580997416412,0.8400478310313437,23,,SY,TT,CH,RS,21,19,1,0.5356207635611447,0.6449470865864273,1,1,0.12583596907382633
144,0.5203955468915257,0.03448965487083344,23,,RS,SY,CH,FZ,10,21,0,0.4052182733614128,0.28262586128051925,0,1,0.20731351695390907
145,0.628725382740829,0.8507343705395389,23,,NS,SY,FZ,RS,19,21,0,0.5536156415373131,0.6568893016341754,1,0,0.1261432179931318
146,0.7887611897772264,0.931892107579513,23,,FZ,SY,NS,CH,21,14,1,0.7806805734497797,0.8323349135437125,1,1,0.0694555685672693
147,0.6181991804915146,0.19189218583663628,24,,CH,TD,NS,FZ,11,21,0,0.5443996482618747,0.42676109700418285,0,1,0.18602435196454759
148,0.8519338409564567,0.9925929291322285,24,,FZ,CH,TD,NS,21,10,1,0.8795747670791231,0.917171714393499,1,1,0.060847810913988276
149,0.5755736947408525,0.3082742941760905,24,,CH,NS,FZ,TD,16,21,0,0.4339155691240023,0.3954472794102178,0,1,0.10918980623264203
150,0.9588962156693818,0.9294268623474694,24,,FZ,NS,CH,TD,21,18,1,0.8220319360209664,0.8626521393614299,1,1,0.058816044702073134
151,0.4087075655869922,0.06389124080672885,24,,NS,TD,CH,FZ,14,21,0,0.2994122434151006,0.22261396219341095,0,1,0.1438803159856901
152,0.7058474935209044,0.6680872229714303,24,,TD,FZ,CH,NS,14,21,0,0.5392064661029643,0.588025154260781,1,0,0.0713405911742823
153,0.4394592985568906,0.06308812914988156,25,,AC,NS,FZ,CH,20,22,0,0.31075626067118606,0.23041018709051364,0,1,0.156190493555168
154,0.8308188635797952,0.8690103200969832,25,,AC,FZ,NS,CH,21,17,1,0.8231189871678376,0.8389530366561058,1,1,0.020066251063462992
155,0.36898541504385785,0.19480098556948014,25,,AC,CH,FZ,NS,17,21,0,0.3174228288459421,0.2772782797178825,0,1,0.0730563193823392
156,0.8978103258479199,0.9778006251750245,25,,CH,FZ,AC,NS,21,11,1,0.896301077503005,0.9240562011618391,1,1,0.0380685085481866
157,0.30084295535599337,0.3767546298687642,25,,NS,CH,AC,FZ,19,21,0,0.27011584131821814,0.3072948428465371,0,1,0.044818856507738605
158,0.704387509370168,0.9763366414934656,26,,NS,CH,AC,RS,21,16,1,0.8686963639675865,0.9003647926884628,1,1,0.11182335251417179
159,0.3235396928797082,0.06669370187211303,26,,RS,AC,NS,CH,16,21,0,0.2522444201163732,0.1912960340962248,0,1,0.10825994850668605
160,0.5298688750012189,0.5756899433974827,26,,CH,RS,AC,NS,17,21,0,0.42203249363429907,0.4775111179947891,0,1,0.06441089221467314
161,0.3386059090283947,0.3194283808601603,26,,RS,NS,AC,CH,10,21,0,0.254575641428551,0.27914648086329347,0,1,0.035954819289598226
162,0.8898862233300672,0.9840076200279539,27,,CH,FZ,NS,AC,21,15,1,0.8713666461866186,0.9102201646069761,1,1,0.04931734092347178
163,0.8469478526462839,0.9252280957869942,27,,AC,FZ,CH,NS,18,21,0,0.8111996188629232,0.8510417480306082,1,0,0.047619121082959355
164,0.9050028378979604,0.943921924723954,27,,NS,FZ,AC,CH,21,19,1,0.8391632174468722,0.8767563665346126,1,1,0.04323570758178411
165,0.4865647559928456,0.6204460133348999,27,,RS,FZ,CH,NS,18,21,0,0.4299058233508198,0.4963892559246678,0,1,0.07988880446859478
166,0.2905092786461182,0.21191614905253348,27,,RS,CH,AC,FZ,21,17,1,0.35297112511119205,0.3031385778572959,0,0,0.05771083910713751
167,0.8508341124061891,0.9648352944922484,27,,CH,FZ,RS,NS,21,8,1,0.892693271940678,0.9159657848221773,1,1,0.04708494707769483
168,0.8732811887216866,0.9557161267861404,27,,FZ,NS,AC,RS,21,14,1,0.8839820672696381,0.9080506211488104,1,1,0.036599640420373024
169,0.5541299719758104,0.6864832896878228,27,,RS,FZ,AC,NS,22,20,1,0.43934592965272456,0.5268161533343505,1,1,0.10097835400967137
170,0.32019268342318397,0.06750136712441782,27,,RS,NS,AC,FZ,11,21,0,0.31935528209087527,0.23375007304224898,0,1,0.1189229428653165
171,0.489828624701584,0.5991766627242889,28,,RS,CH,TT,TD,19,21,0,0.4970707404545058,0.5315694905536444,1,0,0.04992779344274939
172,0.2815608778827827,0.16517090117508226,28,,RS,TD,CH,TT,13,21,0,0.36775165982136276,0.29628847842347,0,1,0.08300899639524051
173,0.8374118537785735,0.9723118501518714,28,,FZ,CH,TT,TD,21,13,1,0.8831107438482272,0.9120681532893766,1,1,0.05601907903256225
174,0.8217267888435082,0.9699893555556126,28,,FZ,CH,AC,TT,21,15,1,0.9032363463159346,0.9234870827332524,1,1,0.06062779055659075
175,0.5967277139771319,0.7310322664933793,28,,FZ,TD,AC,CH,21,15,1,0.5179858201290473,0.5927838687083627,1,1,0.08795629405931782
176,0.3255750726950029,0.1134168701719059,28,,RS,TD,AC,CH,14,21,0,0.3636105757051658,0.27740365073355255,0,1,0.1100780998884838
177,0.5157047386707704,0.8482210479897384,28,,RS,CH,AC,TD,21,16,1,0.552160277733432,0.6517272734486964,1,1,0.14890268334878407
178,0.7073756453271726,0.9240149682458905,28,,TD,CH,AC,RS,18,21,0,0.809160740410035,0.84515762502174,1,0,0.08849626198476061
179,0.4058525846488039,0.44348763101945915,29,,AC,NS,RS,FZ,21,13,1,0.3829309144526359,0.40420784819124084,0,0,0.024964231303691367
180,0.41191021770078584,0.25575805765375864,29,,AC,NS,CH,NS,14,21,0,0.1951321157737497,0.22224827907076383,0,1,0.09131857994666505
181,0.31965175256024847,0.23281443749470412,29,,AC,NS,AC,CH,21,23,0,0.2289227592121417,0.23296779962865613,0,1,0.041882925029988034
182,0.3487693882835309,0.213071673365257,29,,RS,CH,NS,FZ,15,21,0,0.25371723022588527,0.24274930563500102,0,1,0.05686323150817166
183,0.35029896045135145,0.4412870838524261,29,,RS,CH,AC,FZ,21,15,1,0.2273854845734296,0.3037994326046261,0,0,0.0876485756533531
184,0.3693710990966235,0.23854623531832803,29,,CH,NS,FZ,AC,21,18,1,0.3921208345478965,0.339222978746305,0,0,0.06767393472808915
185,0.48378731810411163,0.030955500774033768,29,,AC,NS,FZ,CH,10,21,0,0.3348863985442571,0.2360169208891768,0,1,0.18844454806289104
186,0.3764253927603965,0.09196943165806716,30,,AC,RS,CH,NS,12,21,0,0.3819273305708904,0.2831765868062157,0,1,0.1354092760109388
187,0.4345476970262194,0.5634375151120732,30,,RS,FZ,CH,NS,7,21,0,0.3437808753421011,0.42118713751441517,0,1,0.0901235204963328
188,0.8137062144608461,0.9335533164395796,30,,NS,FZ,AC,CH,21,10,1,0.8592556641623753,0.883150382445579,1,1,0.04939435567700406
189,0.8342873764040959,0.9610743207262537,30,,FZ,CH,AC,TT,21,17,1,0.9001315635309628,0.9188767753635556,1,1,0.051773444376557
190,0.8939271290125989,0.9541879134573239,30,,FZ,CH,NS,TT,21,11,1,0.8581852585492121,0.8918984173318718,1,1,0.03961670971182787
191,0.4154416991581592,0.3255280291188841,30,,AC,NS,CH,TT,17,21,0,0.5077413000166084,0.44301979988562873,0,1,0.07439038204694068
192,0.592700694103748,0.7709255462539452,30,,FZ,TT,NS,CH,21,14,1,0.6314094569284197,0.6776836644143582,1,1,0.0765413507879995
193,0.5612978292156658,0.7721279229503656,30,,AC,FZ,CH,NS,15,21,0,0.5666842484473893,0.6363735052014496,1,0,0.09814130704109311
194,0.34966928673616976,0.546317994610677,31,,CH,TD,FZ,RS,17,21,0,0.3394653721059588,0.41010138119646933,0,1,0.09519736318685709
195,0.46431197084793885,0.018658610140873326,31,,RS,AC,FZ,CH,9,21,0,0.31617894629038584,0.2194660227362782,0,1,0.18531314677131708
196,0.7157751164526279,0.9334886047776826,31,,CH,TT,TD,RS,21,17,1,0.8555712645704561,0.8778692757973783,1,1,0.09006987283475112
197,0.6535312996077084,0.5332586296219085,31,,CH,TT,TD,AC,21,9,1,0.7219623010808021,0.6557501227405855,1,1,0.07800099196676191
198,0.40645324261955734,0.3791252346705212,31,,CH,TT,AC,FZ,13,21,0,0.29194440526093446,0.32502115238095264,0,1,0.04883030806127322
199,0.9404217252890337,0.9717967703087986,31,,CH,FZ,AC,TD,21,10,1,0.9348192036868576,0.9475596519863829,1,1,0.016272410637419462
200,0.7309777903658176,0.7077144039486536,31,,AC,FZ,CH,TD,21,14,1,0.7758004899219731,0.7513065397043599,1,1,0.028256709422054754
201,0.932682759285686,0.9762854662002918,31,,CH,FZ,TD,NS,21,7,1,0.937675872477167,0.950653340947285,1,1,0.019484546460917025
202,0.49415897458824576,0.41599872468827215,31,,CH,NS,FZ,TD,18,21,0,0.4456851589064479,0.437045985742722,0,1,0.032214592704013494
203,0.3117303641904948,0.10316381132465491,31,,TD,CH,NS,FZ,15,21,0,0.21290848937459703,0.17855995508209366,0,1,0.08518585190090978
204,0.9317231674851214,0.9160061719722319,32,,FZ,NS,CH,TD,21,9,1,0.9410135207912753,0.932232311593616,1,1,0.010320971678322773
205,0.9220849533462667,0.8744257586760408,32,,FZ,TT,TD,NS,21,13,1,0.9567744802457404,0.9277352291050585,1,1,0.03375742561486405
206,0.9399396139396237,0.9954327590571289,32,,FZ,CH,TD,TT,21,14,1,0.9445201669214617,0.9616930316581334,1,1,0.02514969109292228
207,0.8791003796724287,0.9245842278649602,32,,NS,CH,TD,TT,15,21,0,0.9158606937483678,0.9177238859257311,1,0,0.01970956108887902
208,0.38151513574795154,0.33405653880316727,32,,CH,NS,TT,FZ,17,21,0,0.23379526580123847,0.27231569472029565,0,1,0.06157723358605897
209,0.8263012087321276,0.8611035913154403,32,,FZ,NS,CH,TT,21,16,1,0.8977720426068799,0.8831606441515479,1,1,0.029181160681242393
210,0.6732439858478384,0.8699849921687238,33,,TD,FZ,AC,CH,20,22,0,0.7227814924408378,0.7713445571505291,1,0,0.08355294958537363
211,0.8965687054468694,0.9303315305295359,33,,NS,FZ,TD,CH,22,20,1,0.9565611446834391,0.945843302694015,1,1,0.02455608949545438
212,0.8952838235333377,0.9557931436024281,33,,CH,NS,AC,TT,21,15,1,0.8836685744713844,0.9085393854477979,1,1,0.03161969375481316
213,0.19904514672481902,0.09070949955993762,33,,TD,TT,NS,FZ,10,21,0,0.3833114116377165,0.2782987735838848,0,1,0.12078748453523928
214,0.2979999911303792,0.5142401800095489,33,,TT,CH,FZ,TD,23,21,1,0.245880002530984,0.33868606253167793,0,0,0.11618639113005107
215,0.7585755111558483,0.9191610009337468,33,,TD,FZ,AC,NS,14,21,0,0.7987238706816308,0.8384680441815767,1,0,0.06823545237157731
216,0.346569345034504,0.1864657724588339,33,,NS,TD,AC,FZ,14,21,0,0.24260770880761223,0.22663829953583436,0,1,0.066326710536602
217,0.9683001900556212,0.9861011506586121,33,,FZ,NS,AC,TD,21,17,1,0.9530723181929298,0.9647589573871426,1,1,0.013497596715719824
218,0.8477996580705179,0.917030119028616,34,,FZ,AC,RS,TD,21,15,1,0.9160706186549191,0.914348719964444,1,1,0.03241176299595689
219,0.7900988638573331,0.966157562135303,34,,TD,FZ,AC,RS,21,18,1,0.8472698867629292,0.8859765657023685,1,1,0.07333293216166965
220,0.685310376589595,0.8553616790345664,34,,RS,FZ,AC,TD,21,17,1,0.7780463268861905,0.8015514681077405,1,1,0.06951823551212309
221,0.3080081057904098,0.06340631540759029,34,,TD,RS,AC,FZ,7,21,0,0.26145500528866034,0.195515043744149,0,1,0.10605057000654348
222,0.2670816093043423,0.1155701864253089,34,,AC,RS,FZ,TD,13,21,0,0.22871890098333084,0.19139921928323372,0,1,0.06431695841575448
223,0.30818718839240994,0.13977355044726553,34,,AC,TD,RS,FZ,16,21,0,0.16663274038730644,0.16174724924784564,0,1,0.07387845218870048
224,0.8233657185606709,0.7994875664662254,35,,AC,FZ,TT,RS,21,12,1,0.8794293423185839,0.8505672298160446,1,1,0.033506191107420785
225,0.9106406274502902,0.9729125957057764,35,,FZ,TT,AC,RS,18,21,0,0.9582147500798427,0.9617847939137736,1,0,0.026577187043753142
226,0.6999320217921814,0.7007751054671603,35,,RS,FZ,AC,TT,10,21,0,0.7794252115993238,0.7502993798201739,1,0,0.03727632136475731
227,0.9200198347226842,0.9633418880748381,35,,TT,FZ,AC,RS,21,15,1,0.9312343906135276,0.9418145030736479,1,1,0.01835894563573778
228,0.22612450443649032,0.19479186660950187,36,,AC,TT,FZ,NS,17,21,0,0.49005960640706275,0.3817505218167749,0,1,0.13242461604440545
229,0.2637737401737546,0.09772038981604542,36,,AC,NS,TT,FZ,17,21,0,0.2819831781906978,0.2187875470028077,0,1,0.08290427812142744
230,0.843536824335776,0.8317340578522856,36,,AC,FZ,NS,TT,21,23,0,0.9063442748886361,0.8790925775796912,1,0,0.032746103462558206
231,0.9388318512647074,0.9643570521550707,36,,NS,FZ,AC,TT,21,17,1,0.9743019460078317,0.9698565792555993,1,1,0.014939003444831948
232,0.9436304142677961,0.890465391939621,36,,TT,FZ,AC,NS,21,18,1,0.9381677828861611,0.9221128489057866,1,1,0.023879042514732284
233,0.32720891203391367,0.28964052451735234,37,,TT,NS,AC,FZ,19,21,0,0.3121792383629961,0.30496696586560473,0,1,0.015439014264247024
234,0.23245428030945292,0.09589410364523976,37,,RS,TT,NS,FZ,13,21,0,0.3796156999327771,0.2787355146063147,0,1,0.11585580572229599
235,0.5633533016648026,0.7098933939929132,37,,RS,FZ,TT,NS,21,19,1,0.5063709703032511,0.5772780642985827,1,1,0.08572719113005653
236,0.30174487032403224,0.1286929136051842,37,,RS,NS,TT,FZ,12,21,0,0.2935797844904959,0.237763200964496,0,1,0.07972266410029802
237,0.30567338438254954,0.5513790378412232,37,,NS,TT,FZ,RS,21,17,1,0.24562427501652154,0.351382367657901,0,0,0.13227208434267293
238,0.9466418774108017,0.9722741172828465,37,,FZ,NS,RS,TT,21,12,1,0.9523590511506513,0.9589586584234022,1,1,0.010986393885566794
239,0.9297043436473441,0.9695643459292826,37,,TT,FZ,RS,NS,21,14,1,0.9558517965005394,0.9597296397207162,1,1,0.016534620529402147
240,0.8215233565829518,0.9076893458106937,38,,FZ,NS,CH,TT,21,19,1,0.8719488736849561,0.8825878686946468,1,1,0.03534699707875634
241,0.6483574142222899,0.8478176044943213,38,,TT,FZ,CH,NS,19,21,0,0.7304742634078603,0.7679074939016899,1,0,0.08185149433296474
242,0.32008572925607043,0.2263845477023168,38,,NS,TT,AC,CH,21,17,1,0.32868257953927554,0.29364334320621344,0,0,0.046330580945918506
243,0.24752382989002,0.10751210330607384,38,,NS,TT,FZ,CH,20,22,0,0.45970202913195285,0.333592108373896,0,1,0.14478359931206342
244,0.5162237875214116,0.65152463139205,38,,CH,NS,AC,FZ,21,19,1,0.3945931785377148,0.4855987907776997,0,0,0.10494130362556185
245,0.9338608883460472,0.9840848820824827,38,,FZ,CH,AC,NS,21,17,1,0.9515874129744218,0.9621047567323113,1,1,0.02079734149855391
246,0.3650877341049062,0.49237466424860554,39,,NS,SY,TT,FZ,18,21,0,0.25298123877719275,0.3377381982973045,0,1,0.09779743295824765
247,0.3294623369807777,0.30495806164620365,39,,TD,CH,TT,NS,13,21,0,0.27831441122613876,0.2889076901416,0,1,0.020887140984031556
248,0.645780585581378,0.7403391221589946,39,,SY,CH,FZ,TD,21,12,1,0.7514157279810691,0.744480627729573,1,1,0.0474022870358255
249,0.17048178917511056,0.13322655360229205,39,,NS,TD,FZ,SY,7,21,0,0.20740856454900714,0.1810788775659071,0,1,0.030284778107526365
250,0.16537138962587103,0.0859349653047548,39,,TD,NS,AC,FZ,18,21,0,0.16096599366279496,0.13558760589995358,0,1,0.03645272164657019
251,0.908336804211948,0.9376674974382845,39,,NS,FZ,TD,SY,21,9,1,0.9278058908027835,0.9305747644611287,1,1,0.012186450505250461
252,0.7087931982110944,0.786665759042087,39,,NS,SY,AC,TD,21,8,1,0.7638360170317492,0.7699468447506445,1,1,0.03268544486525845
253,0.14278857191315436,0.2075373277855471,40,,AC,TT,CH,NS,21,18,1,0.21810236264027752,0.21225083706785547,0,0,0.03329362371751832
254,0.27618763369582366,0.4738187517731521,40,,AC,TT,CH,RS,23,21,1,0.3660669050746298,0.4000061548107632,0,0,0.08079246576742292
255,0.27489396690017054,0.20310717367014297,40,,RS,FZ,CH,NS,12,21,0,0.30309825562031845,0.26825515909565434,0,1,0.04209386607997114
256,0.37449457977240674,0.43152769450800177,40,,AC,CH,FZ,RS,21,10,1,0.35298330823484514,0.38033373771384527,0,0,0.03314066249360124
257,0.19652164266611344,0.24719183964398603,40,,AC,CH,FZ,NS,18,21,0,0.22785210249346896,0.2334876993298241,0,1,0.020878197048119725
258,0.8797665953257049,0.923137970949653,41,,SY,FZ,NS,TT,21,9,1,0.9580873359679275,0.9438549296424474,1,1,0.03203587009282718
259,0.8784396059534566,0.7746105154215265,41,,CH,SY,AC,NS,21,15,1,0.8574935340400305,0.8299416898671419,1,1,0.04483155231233844
260,0.901201296658326,0.7588249836896992,41,,TT,FZ,TD,CH,21,11,1,0.8958576366882552,0.8494268444678483,1,1,0.06589344697163983
261,0.4407668852921359,0.22871341796915637,41,,TD,SY,NS,RS,22,24,0,0.4479753061645977,0.37321001155197375,0,1,0.10170458852873994
262,0.5552578015113311,0.7293024744021832,41,,AC,TT,TD,RS,21,6,1,0.6238777598797688,0.6576635640663366,1,1,0.07158104752291662
263,0.45284372025124625,0.37315755483501645,41,,CH,NS,FZ,TT,16,21,0,0.33016257714695924,0.3484613038540273,0,1,0.05082553594679857
264,0.507239758349743,0.4629175388337809,41,,CH,NS,FZ,TD,21,14,1,0.5233795552883361,0.5023382757856296,1,1,0.025561706650098177
265,0.4776832552538026,0.6767859886558208,42,,SY,CH,FZ,TT,15,21,0,0.42598575193188276,0.5128087575176793,1,0,0.10812302100367918
266,0.2672687769849039,0.29487252283657694,42,,RS,FZ,CH,TT,14,21,0,0.2904448099704458,0.29125495135536417,0,1,0.012104636077945895
267,0.29838719652850965,0.176748446462035,42,,RS,CH,AC,SY,21,18,1,0.23054139166503157,0.2142871644419171,0,0,0.049769155674440256
268,0.17405459450831237,0.08711377134555905,42,,RS,SY,AC,FZ,21,17,1,0.17996289159722326,0.1482169417989901,0,0,0.04244548639557958
269,0.6223857373189746,0.6847269122817762,42,,AC,CH,RS,SY,21,16,1,0.5957075774297675,0.6267744960761268,1,1,0.0373014570586887
270,0.9069472202620397,0.9464211196225669,43,,SY,FZ,RS,CH,24,22,1,0.9668132462653867,0.9580839424267276,1,1,0.02485059496085278
271,0.6790911331530219,0.8772008582530462,43,,NS,TT,RS,TD,21,9,1,0.7597912009183363,0.7972894823791783,1,1,0.08133947500854229
272,0.6132013075520207,0.5442467566667067,43,,FZ,TT,NS,SY,21,6,1,0.5771950873819449,0.5670728415438662,1,1,0.02815980286320682
273,0.23520201153575157,0.1356118737334814,43,,TD,SY,FZ,RS,15,21,0,0.1838511048245409,0.168990293454917,0,1,0.04066411820402091
274,0.2661938077547996,0.09988594605433354,43,,RS,SY,FZ,TD,7,21,0,0.20299818159219013,0.16983589029419718,0,1,0.0685436804341096
275,0.456205355189315,0.21248855293752245,43,,RS,CH,NS,TD,14,21,0,0.48838329046533674,0.39361374164759927,0,1,0.1231761184528563
276,0.18270077081512143,0.039993423857725585,43,,RS,SY,CH,FZ,8,21,0,0.19604411439786762,0.14258657930673693,0,1,0.07062833056975944
277,0.3663089111295117,0.5501601507912925,43,,CH,SY,NS,FZ,21,7,1,0.23031644773831528,0.34314308067806343,0,0,0.13106199669834823
278,0.3384805776052665,0.5231610911594599,43,,NS,CH,FZ,SY,17,21,0,0.21899889354176522,0.32599849125368646,0,1,0.12512101136851317
279,0.15657536981832926,0.22004188995822288,44,,AC,SY,NS,FZ,14,21,0,0.1921299685835391,0.20055338388797528,0,1,0.025972643785441965
280,0.7104846176433276,0.7543027336072092,44,,FZ,SY,CH,NS,21,10,1,0.7212021300232474,0.7321348098703968,1,1,0.01865041648584854
281,0.9676678314422077,0.9499225827142787,44,,FZ,CH,AC,NS,15,21,0,0.9286611375169102,0.9370602297017744,1,0,0.015945968056320054
282,0.4656366431010598,0.32341304717763264,44,,CH,SY,AC,FZ,21,15,1,0.4005251228930921,0.3762603627560749,0,0,0.058131396682505804
283,0.7457616319392468,0.8603693209993092,44,,FZ,CH,NS,SY,17,21,0,0.8858562270278605,0.8729878411254948,1,0,0.06092892064951928
284,0.4119798919692979,0.2951917610263772,44,,AC,FZ,NS,SY,21,14,1,0.37414147690514854,0.34843372595829075,0,0,0.04865327535057106
285,0.9040057982496458,0.9655375675407056,45,,FZ,CH,RS,NS,21,11,1,0.853001810164083,0.8927940873147017,1,1,0.04600949433546963
286,0.16324111257113802,0.07540547830129866,45,,RS,SY,FZ,NS,19,21,0,0.14792995619156524,0.12373096840026178,0,1,0.038310616530496076
287,0.1781651622169164,0.077031327977601,45,,RS,SY,NS,CH,14,21,0,0.19738638494419408,0.1558890288937341,0,1,0.05279188444417991
288,0.17664060315342844,0.0935058156277174,45,,NS,RS,CH,SY,11,21,0,0.14977650959557479,0.1314503964532389,0,1,0.03464015559891679
289,0.42448905933114367,0.4544884709413601,45,,AC,FZ,CH,NS,21,16,1,0.34658641866531514,0.38561019565914534,0,0,0.0454748269864777
290,0.3875547093806319,0.446732738129691,45,,AC,FZ,CH,SY,21,16,1,0.3303221000946433,0.3716186953051392,0,0,0.047526656029402176
291,0.3873684517744414,0.6053340538966665,45,,AC,FZ,NS,SY,21,18,1,0.3767097171125536,0.4547617536590086,0,0,0.1053521606080568
292,0.24773615998777504,0.08255287501814909,46,,RS,SY,TT,FZ,14,21,0,0.13133660011548476,0.11824212037855933,0,1,0.0692934396495496
293,0.9526153399452032,0.9396796551209787,46,,FZ,SY,TT,RS,21,13,1,0.9440367553525094,0.9428126988115698,1,1,0.00537389138865227
