game_id,team1_actual_win,elo_expected_prob_pre,elo_diff_pre,ts_mu_diff_pre,ts_sigma_diff_pre,ts_cons_diff_pre,team1_recent_win_rate_pre,team2_recent_win_rate_pre,team1_avg_point_diff_pre,team2_avg_point_diff_pre,team1_pair_win_rate_pre,team2_pair_win_rate_pre,h2h_win_rate_pre,corner_strength_diff_pre,specialization_gap_pre,rating_disagreement_pre,inner_fold,Gradient Boosting,Random Forest,Extra Trees,Hist Gradient Boosting,Logistic Regression
44,1,0.6349427043660087,24.03735052215643,5.0730090207865,-0.169831540458818,5.582503642162951,0.6,0.2,2.194047619047619,-0.23029556650246302,0.8571428571428571,0.5714285714285714,1.0,-0.13461538461538458,0.05932189601743021,0.5324524250289343,1,0.9997226063333986,0.8060833333333335,0.8731249999999998,0.7883842571336865,0.999238205442012
45,0,0.6612768111799238,29.053836443520595,5.47184129652409,-0.40257156396381344,6.679555988415531,0.7,0.2,2.3494444444444444,-1.2165948275862069,0.875,0.3333333333333333,0.0,0.26923076923076916,0.1252837594872387,0.6797811195961729,1,0.9979980668292441,0.843875,0.9260416666666665,0.8512695673517725,0.9965502904273313
46,1,0.6147141324347978,20.28901185612085,6.145916754436531,-0.07571514041319993,6.373062175676132,0.4,0.6,1.8794871794871795,-0.6740858505564387,1.0,0.0,0.5,-0.25151515151515147,-0.03739948276138261,0.21311428915734743,1,0.9970273649818543,0.719797619047619,0.8134523809523809,0.7863493984820091,0.9885920734671519
47,0,0.5862654850188028,15.137257432383649,4.742324377589075,0.559188118017198,3.064760023537481,0.8,0.4,2.8962962962962964,0.7495755517826825,1.0,0.625,0.5,0.12467532467532472,0.09617962803721725,0.11457572670872418,1,0.9998765348790306,0.846047619047619,0.8844940476190475,0.7761979255108429,0.9986514736601901
48,0,0.6191384067108981,21.102056532885854,4.126507171835744,-0.6064945630328085,5.94599086093417,0.6,0.7,1.9017857142857142,-0.22222222222222232,1.0,0.5,0.5,0.022727272727272707,-0.046827138971813564,0.5045491645305298,1,0.9996207090393896,0.7389226190476191,0.7371944444444442,0.8125252183582464,0.7088037406844542
49,0,0.44722868257498916,-9.201585115838043,-1.9419183417097443,0.025961259614485144,-2.0198021205532015,0.5,0.7,0.28312159709618867,1.490950226244344,0.6,0.8,0.5,-0.22222222222222215,-0.0409772264637937,0.21959652890993442,1,0.16346183381327398,0.4390833333333333,0.509597222222222,0.5562348377558688,0.19367216435602816
50,0,0.4979617591752832,-0.35408065853016524,2.8000979278849556,0.38571016567314675,1.642967430865518,0.7,0.4,1.462121212121212,1.75,0.5,0.7777777777777778,0.5,-0.1071428571428572,-0.09555586215300158,0.4071606334863256,1,0.999412597677118,0.7882083333333334,0.8160565476190476,0.7324088290093949,0.9961075064332613
51,1,0.681974875695486,33.13069442791311,6.8725081213121975,-0.30460483125301874,7.786322615071253,0.6,0.3,1.4858793324775355,-1.775,0.8333333333333334,0.0,1.0,0.14880952380952384,0.009797665060713667,0.7508656115652513,1,0.9999544372028173,0.8899166666666666,0.9416666666666669,0.9549902835743951,0.9998507341103122
52,0,0.49938356968704145,-0.10708496761276365,0.5264462388282922,0.3085536714691197,-0.3992147755790647,0.3,0.6000000000000001,0.3491935483870967,-0.6428571428571428,1.0,0.0,0.5,0.1166666666666667,0.045790559101488215,0.07925195808334158,1,0.46513241478076456,0.4535059523809523,0.4790476190476188,0.4237625829518541,0.25606421577414845
53,1,0.4156074760955562,-14.802130019724245,-1.9095094055318782,0.11302556139105358,-2.248586089705036,0.4,0.8,0.15102639296187692,1.5454042081949058,0.5,0.8571428571428571,0.3333333333333333,0.019917582417582458,-0.041836333168905615,0.4613997351191609,1,0.27672897017113995,0.5095833333333334,0.6143690476190476,0.48214949651547084,0.4517711520660184
54,0,0.6234850000948995,21.904372696028076,4.16098144799491,-0.1735892164576711,4.681749097367923,0.6000000000000001,0.3,1.25,-0.4117647058823529,0.75,0.5,0.5,0.05277777777777781,0.06549659279927833,0.5205699725175824,1,0.034890850918644765,0.7335,0.8331249999999997,0.7896856384512894,0.9983033016091235
55,1,0.5785298270575908,13.755890920585443,4.962811291678641,0.12078481023372811,4.600456860977456,0.4,0.4,1.031055900621118,-0.23030303030303034,0.3333333333333333,0.75,0.5,-0.2637362637362638,-0.1037076461509811,0.01148975418515108,1,0.03443727189567834,0.6414583333333335,0.6258333333333332,0.6769510992441643,0.9908080156175285
56,0,0.5380849961948256,6.628881335650021,1.703645764189453,0.25793889186603725,0.9298290885913403,0.4,0.5,2.0208333333333335,0.8128019323671498,0.75,0.6666666666666666,0.0,-0.11089743589743595,0.08250261503901143,0.09704631520148332,1,0.9997818168090101,0.7232083333333331,0.7387857142857142,0.4305731774484162,0.993107248565483
57,1,0.6492164095523866,26.735021949039037,5.900553180410963,-0.25578076264415195,6.667895468343421,0.5,0.2,1.6396396396396398,-0.1805882352941176,0.75,0.6666666666666666,0.5,0.11790293040293043,-0.08452616296656465,0.5349864642999703,1,0.9995621062656186,0.8565833333333334,0.886875,0.8522566934101901,0.996704807531065
58,1,0.6490263192208277,26.698775829477427,6.50350775638389,-0.031219198138114468,6.597165350798232,0.7,0.30000000000000004,1.648606811145511,-0.23920972644376898,0.8,0.6,0.5,-0.014880952380952328,-0.07926215688074556,0.4015233051063928,1,0.9995137958813296,0.7977083333333332,0.8485416666666665,0.9174124368259122,0.9987012844215983
59,1,0.6206843717808704,21.387007393766908,2.2844845379045466,-0.4395516420072525,3.603139463926304,0.5,0.4,1.6232142857142857,-0.41053511705685614,0.8,0.6666666666666666,1.0,0.11111111111111116,0.0316967989337788,0.705068496908812,1,0.999452510928749,0.8246666666666667,0.8629166666666666,0.8040887132547899,0.9998574764667119
60,1,0.5301370920813223,5.241702940476216,-0.48587566840640406,-0.2339089361833704,0.21585114014370532,0.30000000000000004,0.7,0.791761148904006,-0.5785256410256411,0.6666666666666666,0.5,0.5,-0.021241830065359513,0.07260119504111515,0.31219002262678935,1,0.0052079171984251195,0.5499583333333332,0.542208333333333,0.6438087542341282,0.997552061372158
61,0,0.503506795257959,0.6092027209951993,-0.5203763198600981,-0.2123423049353157,0.11665059494584895,0.7,0.6000000000000001,1.045,1.6051587301587302,0.7,0.6,0.5,-0.16576479076479078,-0.04372780787234948,0.10221404475180773,1,0.26128474763247567,0.7145000000000001,0.7297857142857141,0.7845807443705808,0.9985385499544418
62,0,0.5779617810128961,13.65473390635907,5.716193833841839,-1.1441425902921916,9.148621604718414,0.5,0.5,0.8495605138607167,-0.8943089430894309,0.7,0.5,0.5,0.0980392156862745,0.07233966730007721,0.18952079131692712,1,0.001374057346593064,0.6565416666666666,0.7008333333333332,0.8943956302192864,0.9954415217508465
63,1,0.6186601030140887,21.01398646428379,5.963665051821614,-1.1196302562004372,9.322555820422927,0.5,0.5,0.978021978021978,-0.7346153846153846,0.6363636363636364,0.0,1.0,0.13333333333333325,-0.051358082891406115,0.07342753604118357,1,0.02492836167991462,0.6690833333333331,0.8099166666666663,0.8464556844996483,0.9944994471430598
64,1,0.6389994548999751,24.799263000477367,6.201369705932308,-1.164015669147454,9.693416713374669,0.5,0.4,0.5657334144856969,-2.012857142857143,0.6363636363636364,0.5,0.5,0.22499999999999998,9.278394252856814e-05,0.19251597326398384,1,0.07705125101728073,0.6499583333333332,0.7733184523809521,0.9132669619536667,0.9996135685076125
65,1,0.552565841588285,9.165489795807844,5.099573862588766,-0.6864659494589187,7.15897171096552,0.5,0.5,-0.7419499105545618,-0.91875,0.4,0.0,0.5,-0.33333333333333326,-0.0629578404685403,0.36138157071313626,1,0.021222585640898874,0.3564583333333332,0.46661706349206356,0.4873840970258413,0.8473815018394063
66,1,0.44943311227317967,-8.814502225461183,-5.798273485246892,0.4893444424606632,-7.266306812628882,0.5,0.5,-0.8599537037037037,-0.4377104377104378,0.4,0.5,0.5,-0.31410256410256404,0.0868655630765969,0.47999088956601615,1,0.0011633116793006084,0.22262500000000007,0.29475595238095237,0.03257257246088354,0.6406378270975992
67,1,0.42817097153167205,-12.564897787670816,-5.333904545654256,0.5305877439624656,-6.925667777541651,0.5,0.5,-0.5561497326203207,0.6919191919191919,0.5,0.5,0.5,-0.2952836637047163,0.09647879725874578,0.28553899094709145,1,0.0007672208542715882,0.252875,0.3137430555555556,0.04918223350896907,0.7214699495364335
68,0,0.437240954964366,-10.960164983629056,-1.120904385719669,0.2314886436485324,-1.8153703166652662,0.4,0.5,-0.6211180124223602,0.7011554621848739,0.42857142857142855,0.6666666666666666,0.5,-0.2115530303030303,-0.05996378291649662,0.30048523076346123,1,0.013978393587568147,0.33987500000000004,0.42454166666666643,0.29931633909164185,0.9928279841900074
69,1,0.4654052651214062,-6.019338501402672,-1.3118558279914616,0.7692024970650158,-3.619463319186508,0.6000000000000001,0.7,0.28303303303303307,0.8491228070175438,0.5,0.6923076923076923,0.5,-0.2726190476190476,0.03685262634212061,0.04804315647030266,1,0.520978903972406,0.4579166666666665,0.5353273809523807,0.25208965722582943,0.7980230956506277
70,0,0.5171687462516986,2.9836897253626375,-0.43032641723728915,0.6091669978467289,-2.2578274107774767,0.8,0.4,0.381578947368421,0.6028368794326241,1.0,0.4,0.5,0.026388888888888795,0.1580944418781295,0.1988747574191433,1,0.04631528284532852,0.5146249999999999,0.6182083333333331,0.25208965722582943,0.7610206047522307
71,0,0.40490368510673314,-16.72355315399318,-1.863707493083183,0.04444745008683881,-1.9970498433436994,0.4,0.8,0.661036036036036,1.8514588859416445,0.5,0.8181818181818182,0.0,0.028968253968253976,-0.08313208606565864,0.4237515775972225,1,0.006496205112352379,0.55775,0.6817857142857143,0.7078532912252987,0.9969419072354433
72,1,0.4792354191733216,-3.6092530289697606,0.45284111211390865,0.2072565293644255,-0.16892847597937077,0.6000000000000001,0.5,1.3921052631578947,1.0453130404704254,0.6666666666666666,0.6666666666666666,0.0,0.07988554273383996,0.033927238480974564,0.22519926095220888,1,0.6826249198294307,0.7229583333333334,0.7572023809523806,0.561682967655496,0.98731686854407
73,1,0.576434378489717,13.38291706209884,3.0842165100788144,0.11114584501790459,2.7507789750250993,0.5,0.6,1.6370731707317074,0.7743589743589743,0.8333333333333334,0.6428571428571429,0.5,-0.047222222222222165,-0.04175409683751699,0.07238683415145486,1,0.9715096710142364,0.7112916666666668,0.7384583333333333,0.46022892532037757,0.9999328019672394
74,0,0.5487359020691178,8.49325927423979,0.785418085919769,-0.4068058997260344,2.0058357850978723,0.4,0.5,0.9431051108968178,0.10919540229885061,0.6153846153846154,0.5714285714285714,0.0,-0.02355487649605298,-0.04228984783055978,0.2277625867687309,1,0.00719622716082034,0.5753333333333334,0.5881249999999998,0.672350669394235,0.9710345837674581
75,0,0.3694060891951637,-23.224572279840004,-4.315178028520446,0.04396317591769794,-4.4470675562735416,0.30000000000000004,0.6000000000000001,-0.5682795698924732,1.4363372093023254,0.2,0.7142857142857143,0.5,-0.17499999999999993,0.0009243633747778035,0.2855879124391172,1,0.011994589142584888,0.31116666666666665,0.393125,0.34268395685648717,0.605660040055023
76,0,0.5739113889511375,12.934491709484973,1.2636308057651107,-0.25572720559419926,2.030812422547708,0.4,0.4,0.6846689895470384,-0.998759305210918,0.6,0.375,1.0,-0.02370129870129878,0.05228033267444526,0.3230309986308672,1,0.0812735776736822,0.5915416666666666,0.6532499999999998,0.7896856384512894,0.999973671701611
77,1,0.719851429507485,40.98544606818791,6.017959468988099,-0.18088801961916,6.5606235278455785,0.7,0.4,1.8168953687821612,-1.0007440476190477,0.8571428571428571,0.5,0.0,0.13034188034188038,-0.031580962364275295,0.7253007453762447,1,0.9089391414813556,0.7768333333333335,0.8747916666666665,0.7881682758206623,0.9997706336142914
78,1,0.5642134268403998,11.216957179504561,3.230091179688401,-0.488745470846482,4.696327592227846,0.5,0.3,0.5191645133505599,-0.559375,0.42857142857142855,0.5714285714285714,0.5,0.24603174603174605,-0.09009859457226088,0.06451366413468129,1,0.2690925876326197,0.5928333333333333,0.6447023809523809,0.7804989914840399,0.9996755540853088
79,1,0.3692540953312964,-23.252911870151365,-4.297617261559861,0.6774057381580785,-6.329834476034094,0.5,0.4,-0.8430735930735931,0.7657342657342657,0.0,0.5714285714285714,0.5,-0.045300751879699286,0.058440944426032065,0.2354770589169073,1,0.00020792026303441115,0.3050833333333334,0.393,0.12014404270041337,0.9966325652660001
80,0,0.5714052730652668,12.489742029066065,1.1945344407819647,0.6408601381905337,-0.7280459737896372,0.8,0.3,0.5681818181818182,0.543939393939394,0.5,0.5625,1.0,0.042307692307692324,0.06563100147542478,0.31201414732560917,1,0.02004887840882446,0.6114583333333333,0.6735416666666665,0.3651269587411018,0.9996397792481324
81,1,0.6520120051529853,27.26913306550796,4.610484024187567,-0.4629090353730847,5.999211130306822,0.5,0.5,1.766547696301103,-0.5419254658385093,0.8333333333333334,0.6666666666666666,0.5,-0.059536541889482986,0.08080585584964789,0.37379635690196866,1,0.9625722413660815,0.7105,0.7960416666666664,0.7077620468550906,0.9995737044756575
82,0,0.5086611172461571,1.5047406869609858,-0.49269168580737954,0.603496491671899,-2.303181160823076,0.5,0.5,0.44769503546099276,0.6922084623323014,0.3333333333333333,0.5333333333333333,0.5,-0.05555555555555547,0.05507365289841398,0.13809265745350097,1,0.04612576338645448,0.5070416666666666,0.5930059523809521,0.3261995043091592,0.9999210076230844
83,0,0.30828885241316,-35.09669536896536,-6.365626093511107,0.8784548811309507,-9.00099073690396,0.2,0.6,-1.9038888888888887,0.6630434782608696,0.0,0.5882352941176471,0.5,-0.17261904761904756,0.02403094745376172,0.37718679668608424,1,0.0007558688083231402,0.3457916666666667,0.3365625000000001,0.12602054910673605,0.9983151746499407
84,0,0.4879731255114781,-2.0896851708234863,0.12808822122152463,0.11004746976731417,-0.20205418808041742,0.5,0.5,-0.9030278232405891,-0.37432432432432433,0.25,0.5,0.5,-0.26666666666666666,-0.0763643427830924,0.10061218602327478,1,0.003597869984464421,0.2890833333333333,0.39533044733044725,0.10141155715584434,0.9510787984131366
85,1,0.6104100891129521,19.501400167066777,2.0576946898879385,-0.030201498926134107,2.1482991866663426,0.8,0.7,1.906543427230047,0.5668103448275862,0.8461538461538461,0.5,1.0,0.08949745906267637,0.13161693027883142,0.41880753257023096,1,0.9523305890386339,0.7875833333333334,0.8416666666666667,0.5753524427463347,0.9999994652236044
86,1,0.6098046227104758,19.390859234382106,3.4350552899161286,0.12437289807983554,3.0619365956766202,0.5,0.8,1.7455897613282603,0.6682256235827664,0.875,0.6111111111111112,1.0,0.048331054910002225,0.0004696820927942158,0.18255892470179946,1,0.8806453479920974,0.7310833333333333,0.8012499999999999,0.4248506309894484,0.9999980555105766
87,1,0.6222507182089959,21.676175925432972,2.4870973724058203,0.046137266485541506,2.348685572949197,0.3,0.30000000000000004,0.13962962962962955,-0.6578947368421053,0.25,0.5,0.5,-0.07689393939393929,0.04012393736061898,0.4018769136376299,2,0.006822397064746148,0.47789022266119596,0.5482157194741135,0.08586513140610595,0.9216726894187441
88,0,0.38753958710998077,-19.87619505777002,-2.8037806018979587,0.2648874565038084,-3.5984429714093835,0.30000000000000004,0.30000000000000004,-2.420995670995671,-0.37692307692307697,0.0,0.5555555555555556,0.5,-0.3756868131868132,0.027343883802777552,0.2729271519832034,2,0.07132409282423259,0.31819449217315793,0.34422835946570074,0.18813158925794726,0.5264640607222243
89,0,0.44331956795215727,-9.888905431801959,0.5651628899088479,-0.008696470960931624,0.5912523027916414,0.30000000000000004,0.6000000000000001,-1.4019607843137254,-0.11815068493150682,0.4,0.5714285714285714,0.5,-0.10653235653235649,-0.06205215339977138,0.4353572614745559,2,0.005189314875983239,0.2738289872168442,0.31635182446981985,0.16495791667158494,0.2462724044773042
90,1,0.48246223726199156,-3.0478717677349323,-1.412353297555974,-0.15572912235348313,-0.9451659304955271,0.7,0.4,0.9600132919805051,1.4338235294117647,0.5625,0.75,0.0,-0.15822368421052635,-0.025217828050855845,0.11469560309205584,2,0.02547249170797771,0.3312301523391262,0.2998737061205907,0.12304459253460538,0.07223936230350003
91,1,0.6031767086634462,18.184740822432104,3.032443587059227,-0.1349218478505434,3.4372091306108565,0.5,0.1,-0.9216589861751152,-1.4173715029277816,0.4444444444444444,0.2,1.0,-0.11029411764705882,0.0006187035700448429,0.15615016412980365,2,0.7186639794934717,0.6232180904135617,0.621128704150256,0.26137177361082,0.47945621528977334
92,1,0.7511089845587783,47.969373735151976,7.765638683802656,-0.5045698403608965,9.279348204885345,0.3,0.30000000000000004,1.3429487179487178,-2.561111111111111,0.6666666666666666,0.0,0.5,0.15934065934065933,-0.00675349547349513,0.43111242215021606,2,0.997193213424558,0.7570795454545457,0.8372767857142857,0.5894882500168459,0.9869052275000404
93,1,0.7259148948736273,42.30002727859846,5.842060118485705,-0.34203844304873865,6.86817544763192,0.8,0.5,2.1343396226415097,-0.9831029185867897,0.8571428571428571,0.5,1.0,0.17420289855072457,0.09846795704199396,0.4995531332930123,2,0.9984120786833676,0.7442694805194806,0.7960329254079255,0.9463969650125451,0.9979309960670917
94,0,0.6759003085029694,31.92040270321445,2.9593526516850233,-0.01029153620090728,2.990227260287746,0.8,0.5,2.2244152046783627,0.32826704545454544,0.8666666666666667,0.4444444444444444,1.0,0.17708333333333326,0.11875592545624142,0.580531545541461,2,0.5515031572445351,0.6400651015651015,0.801994505494505,0.7867038022470279,0.9623171783196028
95,1,0.5756977155243931,13.251913605001164,0.7639690766525327,-0.07444204745271721,0.987295219010683,0.7,0.6000000000000001,0.9572427572427573,0.3565934065934066,0.5882352941176471,0.5,0.5,0.10589947089947094,0.04495297065229653,0.3247700519146293,2,0.9558422627535751,0.5437628941411836,0.484500126443563,0.3114429682366797,0.14174528648738846
96,1,0.7124442638168208,39.40288587763939,5.461007156253764,-0.12126477625574772,5.8248014850210055,0.6,0.5,1.971506105834464,-0.8284823284823286,0.8888888888888888,0.16666666666666666,1.0,0.13818958818958815,-0.037433042333281846,0.4507670726866698,2,0.9707789834357151,0.7391563852813853,0.8465730727605728,0.8858099058322799,0.9927162144039477
97,1,0.6214032636909929,21.51966640853857,4.31667322312391,-0.2253485185705526,4.99271877883557,0.5,0.6,1.5278822055137844,0.001852423587527019,0.7,0.625,0.5,0.30337566844919783,-0.0445957025533138,0.02579852327837906,2,0.9984997779394118,0.7879796352021963,0.7893036976911975,0.9440922349014215,0.9984418094914389
98,0,0.3957742677877448,-18.375166257485034,-1.1602062422280497,-0.09618541723555563,-0.8716499905213837,0.4,0.6,-1.382032667876588,-0.257703081232493,0.3333333333333333,0.6,0.5,-0.10064935064935054,0.0021138279429050444,0.40766157643293255,2,0.3286678408920498,0.3774374195674012,0.390150592787934,0.4954584387631937,0.7474689454441945
99,1,0.501546109319508,0.26858755441639914,0.8575158626633268,-0.383951547494366,2.009370505146425,0.5,0.7,0.3965042372881356,-0.002864846646444208,0.5789473684210527,0.6363636363636364,0.0,-0.09111405835543773,0.012588075415096794,0.12512675235363652,2,0.9216822703632817,0.36771249290614266,0.38632151361280626,0.7318417886161643,0.723736911963705
100,1,0.4078503150900069,-16.19307003594713,-2.5494112260567903,0.18285313437121586,-3.0979706291704368,0.30000000000000004,0.6,-1.0384615384615385,0.4,0.14285714285714285,0.45454545454545453,0.5,0.2941176470588236,0.0819382769898997,0.11232586314239579,2,0.8995271405052904,0.4825484658128223,0.4057917546291,0.32063254304735217,0.621076488369669
101,1,0.5715505741920456,12.515510024695004,2.888554040017329,0.041704950412038144,2.763439188781213,0.6000000000000001,0.6,0.1741228070175438,-0.016629711751662946,0.625,0.5555555555555556,0.5,0.4809605001420858,0.004052710075266752,0.05451926129627216,2,0.95933661879017,0.5882784961345291,0.5302323759342683,0.6399723546797941,0.959249939031431
102,1,0.728899558126245,42.95374615014248,6.163285351267994,-0.17795228441170785,6.697142204503116,0.6000000000000001,0.4,2.0847498785818357,-0.07965194109772428,0.9,0.5,1.0,0.2439431913116123,-0.028471821888200077,0.39049059108355355,2,0.959144586583495,0.8033216564137616,0.8805451007326007,0.9386505424042084,0.9904701736796608
103,1,0.8219308960109754,66.4246732271888,8.094384306872723,-0.5065007948595823,9.61388669145147,0.6000000000000001,0.30000000000000004,2.109967715899919,-1.988069989395546,0.8125,0.0,1.0,0.3586988304093568,0.02104371968823765,0.793452431061568,2,0.9992011523026325,0.8254642857142858,0.9237833333333337,0.9754798806096028,0.997440027173922
104,1,0.5813986440882358,14.267338384446703,0.7532277788682364,0.16442387107603462,0.25995616564013346,0.6,0.5,1.0519503546099291,-0.9226190476190477,0.5,0.5,0.5,0.037968735881449334,0.06391293958255645,0.31686986668737255,2,0.2912533516446232,0.4779442003014843,0.42877188626054336,0.15871504938079908,0.9366203137258703
105,0,0.27086144850933264,-43.00628644948256,-5.26517247920394,0.26370908139533844,-6.056299723389955,0.30000000000000004,0.8,-0.12385844748858443,2.1191899710703956,0.5833333333333334,0.8235294117647058,0.5,-0.22333333333333338,-0.05718088177865843,0.4790813366212632,2,0.95529747278905,0.5073835369589206,0.43302641035864703,0.4779366785789274,0.7708441667827324
106,0,0.4649985413725984,-6.090337550434924,-0.48487153926238946,0.3367900946043818,-1.4952418230755349,0.7,0.4,0.2704426106526632,0.8502514142049026,0.6666666666666666,0.6111111111111112,0.0,-0.10925511508951402,0.05488979663116744,0.10551243978090252,2,0.2938273660573809,0.4815817303263951,0.43693517483977984,0.6413612627345974,0.15897785865665073
107,0,0.489861369838494,-1.761501903742328,0.9618560528610587,-0.040371167491835,1.0829695553365646,0.4,0.4,-1.0043939393939394,-0.10016420361247946,0.45454545454545453,0.45454545454545453,0.5,-0.03401771336553944,-0.05866370868536974,0.20039501954913227,2,0.004820677461957065,0.2861483030874759,0.3454209055585797,0.07411773698691222,0.7667872193689038
108,1,0.7137506657295528,39.680204101802474,5.566357985657177,-0.15345229808205985,6.026714879903356,0.6000000000000001,0.6000000000000001,1.9901837928153716,-0.015681818181818186,0.9090909090909091,0.5,1.0,0.2275432900432901,-0.027364351249200808,0.3046011843004681,2,0.9604237529156533,0.7670716564137616,0.8806701007326009,0.9210639493915419,0.9963447118008036
109,0,0.5997784309258536,17.569035342957022,0.697702524230273,0.2967706464416733,-0.19260941509474705,0.5,0.30000000000000004,0.140625,-1.0326118326118325,0.4,0.4166666666666667,0.5,0.020998023715414982,0.052217851391146625,0.40020492324107054,2,0.005594053547186333,0.44648106651941694,0.41820453858628764,0.026621976151110747,0.8028246569303203
110,1,0.5792199680377118,13.878840305026642,2.0878712246837665,-0.012096894587054763,2.1241619084449326,0.4,0.5,0.24899665551839467,-0.15497737556561086,0.6,0.5384615384615384,1.0,-0.17843782249742007,0.048893028331669225,0.08380569098093671,2,0.12503503831648097,0.512627200924076,0.4685604306109299,0.14767881454476306,0.9857761211154844
111,0,0.6845191607468903,33.641262173159475,5.612601300988739,-0.4861694210712051,7.071109564202356,0.5,0.2,-0.9224346889307837,-2.082459207459207,0.46153846153846156,0.0,0.5,0.08577922077922079,-0.021602771573467155,0.11327070057992727,2,0.9950504031142274,0.7565372670807454,0.7750208675424191,0.903630389215238,0.9253834546655494
112,1,0.35751257219272453,-25.45733151221839,-3.3145018557058634,0.039362635979431904,-3.432589763644156,0.30000000000000004,0.5,-1.0724264705882351,1.0607489994282446,0.4,0.5714285714285714,0.5,-0.22838109602815487,-0.08251709157061363,0.23560576908124053,2,0.9522455706332262,0.4411122214959763,0.3959142011824632,0.698080886781476,0.6013739026429866
113,1,0.7302831242371477,43.25831444251389,4.622921936405675,0.00834941666411515,4.59787368641333,0.4,0.4,0.20874200426439238,-1.8761574074074074,0.3333333333333333,0.0,0.5,0.21361556064073228,0.026981191610229438,0.5754236694432738,2,0.9761918685596825,0.6860041384446757,0.7462520183360698,0.9222030012919705,0.9969150620551345
114,1,0.25119617852446374,-47.435502398670224,-5.042454007065146,0.11838589884732498,-5.397611703607122,0.5,0.7,-0.9314688838498362,2.006526768010575,0.42857142857142855,0.8333333333333334,0.0,-0.3252765752765754,-0.0753034526584444,0.6131933294308936,2,0.0978288747062921,0.4917247365920343,0.44990114965443906,0.23967353981662304,0.519212669665922
115,0,0.4200223961252165,-14.013877524194186,-1.4242550702651684,0.2559518200779989,-2.192110530499164,0.5,0.6,0.23449275362318844,0.8413279132791328,0.6363636363636364,0.631578947368421,0.0,-0.10027903131351412,0.05496187818799847,0.2053687081134083,2,0.6912941522807875,0.542996611278776,0.44842826672596375,0.7391295064182618,0.4835629771503105
116,1,0.7410978066739103,45.673979830971575,5.279308370334103,-0.07961197389935593,5.518144292032172,0.5,0.5,1.8770223752151465,-0.8725490196078431,0.9166666666666666,0.25,1.0,0.17083333333333328,-0.012950741155484724,0.5487777411883884,2,0.9882931309583973,0.7985849567099567,0.8532662545787546,0.9285378435556717,0.9137651981289574
117,1,0.383513837534239,-20.61422946330481,-1.8041499127103364,0.24374487166913505,-2.535384527717742,0.30000000000000004,0.6000000000000001,0.025731310942578745,0.9619565217391304,0.5833333333333334,0.65,0.0,-0.1316022544283414,0.04406874746696801,0.3300036257198782,2,0.9455657884998842,0.515961839456002,0.4062932373547505,0.5935154995543466,0.6522144330349368
118,0,0.28835156920994376,-39.23431768727187,-4.033672452777832,0.10235493360432901,-4.340737253590817,0.6000000000000001,0.4,-0.8619311875693674,1.8761200716845878,0.4666666666666667,0.7894736842105263,0.5,-0.2107533502833837,-0.07092015896703635,0.5488331269693001,2,0.9739680063474968,0.5283977140081586,0.4722537845926005,0.588747528847524,0.24491856306142534
119,1,0.755530460190181,49.00272231659255,5.398891765560489,-0.0726848682964687,5.616946370449895,0.6,0.4,1.8881013061484548,-0.8879038613081167,0.9230769230769231,0.2222222222222222,1.0,0.2020833333333334,-0.013625622582857433,0.6070545760424695,2,0.9938375632239982,0.8038825757575758,0.8525153388278389,0.9355939419171277,0.9836997231432134
120,0,0.5725227760592808,12.687978803031001,1.1840429332338545,-0.22569774859018388,1.8611361790044043,0.5,0.5,0.8664851784633998,0.1137592137592136,0.6190476190476191,0.6153846153846154,0.0,0.15162337662337666,-0.04552056744277297,0.18469937009055093,2,0.8757653742498531,0.44878116899258197,0.5135202250235144,0.4704965958442551,0.0900049757284281
121,1,0.7269661252519477,42.52976419252832,4.214061655017716,-0.09447463118219424,4.4974855485642955,0.6,0.4,1.855,-0.8701298701298701,0.8,0.4375,0.0,0.13134920634920638,0.07000975309953172,0.5878462840601526,2,0.997636630202186,0.7392958803605467,0.7957010531135529,0.8931646005049129,0.8083549969997096
122,1,0.7401421305839835,45.457925261679975,4.9376372842061365,-0.22490434098000311,5.612350307146148,0.7,0.2,1.913795442213782,-0.19336057201225743,0.8095238095238095,0.5,1.0,0.0923505174866337,0.08059756404235946,0.5377807538093489,2,0.9971490436640947,0.7304509854180908,0.8381105769230771,0.9599880921521956,0.9845380462449133
123,1,0.49103982105098926,-1.556709164167387,-1.1095638016982647,0.1118928390167766,-1.445242318748594,0.4,0.30000000000000004,-0.21811224489795922,-0.9906432748538012,0.46153846153846156,0.4117647058823529,0.5,-0.031509621129285015,0.031823618272423915,0.13170731658951573,2,0.43059945342043426,0.40588216339543304,0.3767123478516669,0.4016271868552633,0.3587610728146312
124,1,0.8559740051235084,77.40196920396738,8.46924004682672,-0.32828748392035334,9.45410249858778,0.6,0.30000000000000004,1.8886113886113887,-1.9848759830611011,0.9285714285714286,0.0,0.5,0.3494106699751861,0.010122472764441115,0.8680297317268506,2,0.9973734889358311,0.8281666666666667,0.9093650793650796,0.9711214021523115,0.9846319627244797
125,1,0.5271617103438911,4.723122061702952,0.9987140727022705,-0.33055632115219846,1.9903830361588675,0.4,0.6,0.8143939393939394,0.8877099911582669,0.5909090909090909,0.5,0.5,0.11729166666666663,-0.03611969928016798,0.02536157875485978,2,0.9537249534898906,0.445180633616088,0.4504505938871072,0.38410554130067026,0.3666583031322461
126,0,0.6164622512041944,20.60983731178044,1.7995306481478117,0.17908374207616795,1.2622794219193096,0.5,0.5,0.8347993992705427,-0.9144067796610169,0.4444444444444444,0.2,0.5,0.0794607843137255,0.006440099910485081,0.2943624517925016,2,0.6178154974136574,0.5352792155238353,0.5764426834130782,0.3204767575278681,0.9865190232991977
127,0,0.4086593592073902,-16.047627790187562,-0.963327922064444,-0.15475289827637573,-0.4990692272353172,0.4,0.4,-0.921236559139785,0.76875,0.3888888888888889,0.4,0.5,-0.21300372142477408,-0.047813232895355606,0.3040565667089194,2,0.2264082427877186,0.4213094479024133,0.3590163465576389,0.4949455161660824,0.1451439137397936
128,1,0.617279457742103,20.760005114860178,2.441892508090028,-0.04208277617921752,2.5681408366276806,0.4,0.4,0.13499291641368139,-0.27520055807464255,0.6428571428571429,0.4666666666666667,1.0,-0.07816377171215871,0.0658484948641857,0.19843242860190624,2,0.8049489000616954,0.5833806027306028,0.5853335705960707,0.6609087072727693,0.979999084263687
129,1,0.859241991769056,78.56423803489406,8.553350576676003,-0.2868797502278726,9.413989827359622,0.5,0.30000000000000004,1.7916559691912708,-1.9193548387096775,0.9333333333333333,0.0,1.0,0.36844405594405594,0.018422019555638408,0.8422224615905012,2,0.9989596485214993,0.810970238095238,0.921041666666667,0.974133124445259,0.9991330085147145
130,1,0.6159916774781822,20.523420771982728,1.3226042904598145,0.14416115126737328,0.8901208366576938,0.4,0.5,0.7498565691336776,-0.9191468253968254,0.45454545454545453,0.3684210526315789,1.0,0.14490740740740737,0.04215182487945507,0.35553855742424634,3,0.863536250048983,0.5923612741425242,0.6158616470880347,0.8816285243602635,0.8877760066762144
131,1,0.12066053961892795,-86.25912993319093,-8.616573021872597,0.28113805165291317,-9.459987176831337,0.4,0.9,-2.03125,1.9534417727487035,0.0,0.8181818181818182,0.5,-0.3031911375661376,-0.049399442067507876,0.9893254661053388,3,0.2065211148170353,0.4130120027568751,0.2985158564261825,0.34446817089200304,0.40160154048901375
132,0,0.39035306909530343,-19.36207935174002,-1.6969712726540251,-0.13797690214365632,-1.2830405662230575,0.6000000000000001,0.7,-0.8413273001508297,0.7819004524886877,0.2727272727272727,0.5,0.0,-0.15768398268398265,-0.012094452801504174,0.2942707887093183,3,0.20761187220597963,0.4091023157303535,0.4234557011023908,0.45304911479132776,0.2888712185419237
133,1,0.6108619971555329,19.583946205886832,2.464242386663809,-0.02882786039826657,2.550725967858611,0.6000000000000001,0.6,0.14975334742776614,-0.19012944983818775,0.6666666666666666,0.5,1.0,0.08614884476953444,0.02918671718990684,0.16796960940399563,3,0.9264168578286173,0.6986228785550417,0.7384264494197594,0.7663238931547337,0.9669178255705151
134,1,0.6339204742248172,23.845933856088095,2.7369541967383952,-0.027603122250526413,2.819763563489971,0.6000000000000001,0.5,0.17910447761194037,-0.2097445464982779,0.6875,0.4666666666666667,1.0,0.3829365079365079,0.03531690947867894,0.24193708347266424,3,0.9309737966801241,0.7454131366432131,0.7280440770437455,0.7743518816048063,0.9578505613782826
135,0,0.2348622727206137,-51.29263574528886,-10.645067962218572,1.429282398654463,-14.93291515818196,0.2,0.5,-2.036478984932593,1.8609848484848486,0.5,0.782608695652174,0.5,-0.25,-0.07215396753810588,0.26515116140831396,3,0.01930264567728216,0.335704385450886,0.3777933360533801,0.0941662157135555,0.07306159933064421
136,0,0.5060313810069788,1.0478090201165742,-6.525697276297134,1.469896273520396,-10.935386096858323,0.4,0.2,-1.1035313001605136,0.7416249518675395,0.0,0.6086956521739131,0.5,-0.09944731467019102,0.008603417338059138,1.0851304408962203,3,0.10678759286198862,0.4054692412122265,0.4146482786258899,0.26608184882525643,0.04300137406599014
137,0,0.17311049415655394,-67.91240841772287,-12.631209533471349,1.4665893020499818,-17.030977439621292,0.2,0.6000000000000001,-2.5989071038251366,1.8444444444444443,0.5,0.9375,0.5,-0.3029304029304029,-0.06335419720972421,0.11568982660160576,3,0.16118854905956911,0.37022061128854034,0.2925065044100092,0.16004764204939534,0.10435479613003273
138,0,0.43926356583212556,-10.603359279987217,5.345003204925106,-1.2773863184379863,9.177162160239066,0.4,0.4,0.2592704250829062,-1.1895604395604396,0.6,0.0,0.5,0.09523809523809523,0.018877621140509337,1.1425331994416217,3,0.5559843904123397,0.5820545698890723,0.6114792199416321,0.91091885041489,0.11180780115610134
139,1,0.29240384261802815,-38.38023902036548,-8.881087941840594,1.0271873267008813,-11.962649921943237,0.30000000000000004,0.5,-2.122004357298475,1.379744651483782,0.0,0.7272727272727273,0.5,-0.2373737373737374,-0.004349512424651258,0.5518362308399387,3,0.9101424247806081,0.5380692867582489,0.48924224491833734,0.5631041003099749,0.9668420583258479
140,0,0.4171332662896149,-14.529444316715171,-1.1917715241382112,-0.10267591601410131,-0.8837437760959048,0.4,0.6,0.21889334862385323,0.9205407969639469,0.5714285714285714,0.5384615384615384,1.0,-0.09955227101089659,0.007348977946510793,0.15176883533675106,3,0.30173701207923637,0.465221433090232,0.5677157304816537,0.7266186299464709,0.6495164482477332
141,1,0.7904427459639219,57.65677192396538,8.974819954947034,-1.0995578775767736,12.273493587677354,0.3,0.5,1.2952536824877252,-2.8502415458937196,0.6666666666666666,0.0,0.5,0.33269230769230773,0.02067045022986802,0.3177038384468902,3,0.9985098839362382,0.8526955619863227,0.9325758425602179,0.9710587125158375,0.9970450404419985
142,1,0.7421543664468064,45.913446564219385,7.222796425723033,-0.977031564127723,10.153891118106202,0.6000000000000001,0.30000000000000004,0.9022556390977444,-2.651116427432217,0.5714285714285714,0.0,0.5,-0.030637254901960675,0.0008619361911949008,0.2869790964951875,3,0.9543703820168888,0.8016854467531921,0.8048564544438189,0.7076154199027027,0.9581779025632453
143,1,0.5094465986177732,1.6412375610766503,3.5929050266103673,-0.8267358057714711,6.07311244392478,0.5,0.5,-0.20859154929577461,-2.2409090909090907,0.4375,0.25,0.5,0.0822649572649573,0.01758447496905574,0.7150780740890691,3,0.9811178774238604,0.657717654785941,0.5788440817030827,0.8543935636784317,0.9236984121640441
144,0,0.22170189184069905,-54.537657571326235,-8.013927780194251,0.9868570715045557,-10.974498994707922,0.5,0.6000000000000001,-2.1753889674681757,2.0005630630630633,0.4,0.7916666666666666,0.0,-0.3849080172609584,-0.015549844966906479,0.1947607378533196,3,0.4893798991135245,0.4339304188369885,0.4585950710626616,0.24036663934549896,0.130886786402904
145,0,0.40071625819077183,-17.47955323759743,2.3299075175597324,-0.8570406822530576,4.9010295643189075,0.4,0.5,0.17405618964003514,-1.0602155576382382,0.4166666666666667,0.3333333333333333,0.5,-0.020063025210084018,0.03206106938391706,0.9391546713669483,3,0.5993244590288963,0.5402376653002215,0.524776482016566,0.42533410313587855,0.48036900470713517
146,1,0.7596593312660238,49.97916116218039,4.783814222580727,-0.05863606412933331,4.959722414968727,0.8,0.30000000000000004,1.9629978204874183,0.26549369747899154,0.9411764705882353,0.5454545454545454,1.0,0.2135973234794767,-0.0234766017677471,0.2690356288920208,3,0.9925393842678123,0.8936749209565248,0.8838677821021572,0.968040805501504,0.7258969351884818
147,0,0.30750920082684086,-35.255589288041165,-4.132796127515199,0.27549391139507584,-4.959277861700425,0.5,0.6,-0.8151425762045232,1.4319279754062362,0.5,0.6923076923076923,0.5,-0.18502415458937194,0.011213563775405333,0.01565253146695944,3,0.5362440630668676,0.5244500412944006,0.48303508181565585,0.4623923866464144,0.451299827895109
148,1,0.8573011618710914,77.87129752604937,7.874011659572169,-0.5180480498978188,9.428155809265625,0.6,0.5,2.0496491228070175,-1.4743243243243243,0.8,0.16666666666666666,0.5,0.2738486842105263,-0.027550284392639957,0.2880034217004199,3,0.9840558625795053,0.9186936690496822,0.9575433825433828,0.9577136814612648,0.9896954831986134
149,0,0.35250510482485287,-26.407093816997303,-1.154745859833767,-0.3445051392177607,-0.12123044218048307,0.30000000000000004,0.8,0.17899571341090018,0.2935122459614383,0.5217391304347826,0.42857142857142855,0.5,0.1853991596638655,0.02583692074678895,0.41492302596412,3,0.9038378375669786,0.5388929416604356,0.5151237768805261,0.8959862173896468,0.9371855050258894
150,1,0.7142904602040903,39.795010824056135,4.222573567620731,-0.25227022895830653,4.979384254495649,0.6,0.5,1.4783496732026145,-0.9540229885057471,0.7142857142857143,0.4444444444444444,0.5,0.27926634768740033,-0.016782018614312277,0.0818873602125949,3,0.9985167045173889,0.8830843460055766,0.8940723573879826,0.996550949259604,0.9804737153132436
151,0,0.13668251918781676,-80.04575601182341,-7.897537667025141,0.48347460561746747,-9.347961483877544,0.4,0.6,-1.570376712328767,2.0962575719857273,0.14285714285714285,0.8076923076923077,0.5,-0.3904380341880342,0.038613323468741745,0.281400186192692,3,0.062005341163313736,0.4474652834023038,0.355775692147515,0.23131369625924025,0.6065391747764306
152,0,0.6700781752351674,30.771442733876256,1.4902183740222625,0.31921387355758624,0.532576753349506,0.6,0.4,0.3597560975609757,0.11280348144754926,0.5,0.5,0.5,0.1387987012987012,-0.03207831686328716,0.43081699005003493,3,0.3292029634168633,0.6155394805601819,0.6057578505115092,0.17625499574888226,0.4020892911846672
153,0,0.14468226544119359,-77.17121766431524,-6.571382033891847,0.2146248444249843,-7.215256567166801,0.5,0.7,-1.5134313725490196,2.115966386554622,0.2857142857142857,0.8148148148148148,0.5,-0.10416666666666663,0.04346168552187679,0.513857679075137,3,0.40044236522940474,0.4779144789859645,0.40540465875436815,0.8415459309433653,0.5836152230473658
154,1,0.6481617728370848,26.534039000752955,2.357979921322112,0.059621241811607106,2.179116195887289,0.7,0.5,0.4107875307629205,0.18399122807017546,0.7058823529411765,0.52,0.5,0.034619478804538195,-0.02051662316884409,0.15081233172880998,3,0.7075475339361457,0.7147465331660687,0.6652443933218468,0.47911047866243395,0.4629032324846677
155,0,0.29248459293976603,-38.36329077075925,-3.0917439979445405,-0.01453917470987598,-3.0481264738149143,0.6,0.6000000000000001,-0.834887839433294,1.436521422502731,0.25,0.7333333333333333,0.0,-0.11178870471633628,0.017796460099631817,0.2790187768701814,3,0.8398487028880636,0.5399405126841001,0.521508897849481,0.8844108245410047,0.8860092944859435
156,1,0.8597747127864062,78.75583295248043,6.65140986369757,-0.20309735888443736,7.260701940350881,0.7,0.5,2.0802216150576807,-1.4772481040086674,0.8214285714285714,0.25,1.0,0.2363373113373114,-0.0453710144249074,0.4939382220109394,3,0.9675657744101736,0.8849292351809477,0.9656039886039889,0.988884640050988,0.9907942102605924
157,0,0.33017055589285843,-30.722589324120918,-2.5737236136798565,-0.05651347133678408,-2.404183199669504,0.5,0.6000000000000001,0.1275599464855408,0.4307466870540264,0.5,0.7222222222222222,0.5,-0.0917049215330415,0.020080594296230297,0.18965279454793216,3,0.6799788372000061,0.4980458575588097,0.47681260246287616,0.8131368400518802,0.6669139325881399
158,1,0.668495994932199,30.461002997309606,5.4686453368902015,-0.944146948500034,8.301086182390303,0.30000000000000004,0.30000000000000004,0.10725806451612907,-3.8106015485407982,0.48148148148148145,0.5,0.5,0.0404761904761905,0.003099902137139593,0.42734169068823125,3,0.9696470976620806,0.6812103804354928,0.6302290654988962,0.9413797417839145,0.9927145877715495
159,0,0.310904017958292,-34.56533829814953,-5.670019392469953,0.9157059095147526,-8.417137121014212,0.30000000000000004,0.4,-3.8254504504504503,0.15856790123456788,0.0,0.5,0.5,0.07500000000000001,-0.004780586908774503,0.3670696840978692,3,0.08833678782053998,0.3562700014324671,0.2974525460650461,0.06364988948421497,0.005150675071159938
160,0,0.5912207316718222,16.026079258709615,-1.7369644042998935,0.6445618102459587,-3.670649835037768,0.4,0.4,-2.0995238095238093,-1.5317073170731708,0.2,0.2222222222222222,0.5,0.012344014097169786,-0.03882820047124641,0.7271755016444886,3,0.040453733033502935,0.470865490878254,0.4607956252872734,0.11609736777058788,0.1635513301083736
161,0,0.3708558878496344,-22.95449581831099,-5.403589929583976,0.8069291206136402,-7.824377291424899,0.4,0.5,-2.724050046339203,-0.8353191048487361,0.0,0.23076923076923078,0.5,-0.13862691815856776,-0.0153149343598937,0.54948210139022,3,0.34901621064589977,0.35848348560837656,0.2997305160510807,0.10544525460144408,0.006779344522774095
162,1,0.8603080449973217,78.94825887497677,6.581976883370324,-0.17822778605955714,7.1166602415489955,0.8,0.6,2.1836647727272727,-1.4366883116883116,0.8275862068965517,0.3,1.0,0.26810080757449184,-0.04901693662616499,0.5128976626119894,3,0.9870185118590373,0.8698539941837793,0.9304789886039889,0.9204758413411297,0.9919256176576994
163,0,0.6740084281519986,31.54589552044149,2.741041820725542,0.05794699835181483,2.5672008256700956,0.7,0.7,0.541926541926542,0.18062015503875972,0.7368421052631579,0.5172413793103449,0.6,0.002540650406504086,-0.014812682277328154,0.17713322175482404,3,0.8095375012515815,0.7563764398965179,0.7143518219304721,0.9162051412639968,0.8079978469846466
164,1,0.7215637287664366,41.35488850300726,3.3809423155717475,0.01950784129095795,3.3224187916988726,0.7,0.6000000000000001,1.4262873754152823,-0.707740993184031,0.75,0.2857142857142857,0.5,0.08663419913419912,-0.01629578338365162,0.28326842997700863,3,0.9617481163672691,0.8142939470883515,0.8315047154710757,0.9209595243009767,0.7740333879117667
165,0,0.5975771074274501,17.171127334751873,-1.5757602459650037,0.7531696965056522,-3.8352693354819607,0.5,0.6,-0.9305145853818422,0.21273142054926736,0.5,0.5333333333333333,0.5,-0.18454123112659698,-0.04390225849144175,0.7078203087751118,3,0.2646956677983683,0.47415805107477627,0.5199261590939596,0.0638025273975328,0.015277883470299963
166,1,0.2890427679056089,-39.088136893199135,-6.728115087201239,0.6206019476237612,-8.589920930072523,0.4,0.5,-2.1044372294372296,0.47730263157894726,0.16666666666666666,0.7,0.5,-0.3292483660130719,-0.02099371033470912,0.40787830422834936,3,0.13424503253197267,0.44005551945831284,0.4108410761760328,0.13187811187562296,0.074785450771345
167,1,0.8769769499725489,85.30016887439706,9.70192694659153,-0.7765832067476239,12.031676566834403,0.6000000000000001,0.4,2.1353710362863683,-2.675352664576802,0.8333333333333334,0.0,0.5,0.20833333333333337,-0.018626366005088824,0.03847068495231376,3,0.9066336958315575,0.8443838856029895,0.9395993589743593,0.9175518664275446,0.9936690103750183
168,1,0.8621464005879941,79.61629091943678,9.034120176505727,-0.6896580427004699,11.103094304607135,0.5,0.2,1.366427741185587,-3.7703703703703706,0.7647058823529411,0.0,0.5,0.30382819794584504,0.017807105733030265,0.049656486629819696,3,0.9076311263211958,0.8281108100195692,0.9191317734553032,0.9742996594621346,0.9934815898790802
169,1,0.7296263316347655,43.11361054653821,1.1340823302435332,0.5358547897622259,-0.47348203904314445,0.4,0.4,-0.9001929969671905,-1.5039295392953929,0.4,0.2727272727272727,0.5,-0.04015934539190347,-0.04960583762766724,0.7561451258489998,3,0.1180837785617848,0.4841923289572746,0.5986823713723025,0.17006366700293157,0.19102475717385456
170,0,0.23029454797435575,-52.40409062550748,-6.823630710839957,0.6244589489395365,-8.697007557658566,0.5,0.3,-2.76459478021978,0.4617623034510925,0.0,0.6666666666666666,0.5,-0.19050224313382208,0.025602448025289576,0.25659397410419316,3,0.011654625020607762,0.3963045998114858,0.3658906449176673,0.20078947873544142,0.05556437213462862
171,0,0.641817804235914,25.33077659130504,1.0281989651364114,0.03164586015576232,0.9332613846691231,0.6000000000000001,0.4,-2.0195612844866577,-2.016865079365079,0.2857142857142857,0.2,0.5,-0.05830115830115834,-0.0068546493211391335,0.35437187680994764,3,0.023987258910971976,0.4692182953532985,0.4722805844738457,0.21973892844732323,0.5776158553454303
172,0,0.2573114170435943,-46.03476912243377,-6.80563476784485,0.80376929082649,-9.216942640324321,0.30000000000000004,0.7,-3.898426812585499,-0.02516489091831553,0.0,0.4375,0.5,-0.28763821049306215,-0.00015161077555828073,0.372679443574061,3,0.17524202954009793,0.29562798627026576,0.25692765142466223,0.2039864054825985,0.07786381479678188
173,1,0.887211067995905,89.5760466665713,8.511678320379701,-0.5633081409133891,10.20160274311987,0.8,0.5,2.2736344537815123,-1.9364250614250613,0.8387096774193549,0.3333333333333333,0.5,0.23562542720437457,-0.016535547204996226,0.25246120067533817,4,0.9763071285386218,0.8890190476406901,0.9690650161030596,0.9938322822944904,0.999881108497406
174,1,0.8908280250633837,91.16827044668412,7.703012477835731,-0.2813589030923487,8.547089187112778,0.9,0.5,2.3177919708029195,-1.6947619047619047,0.84375,0.1111111111111111,1.0,0.3815114709851552,-0.027995713752954704,0.4409940447523457,4,0.9583492871672331,0.870126087870575,0.9716761272141707,0.9868700239045681,0.9996801822431857
175,1,0.665018967853499,29.78138161580455,1.6860144006359725,0.3126997876866766,0.7479150375759396,0.6,0.5,0.24793388429752072,-0.5786445012787724,0.4444444444444444,0.26666666666666666,0.5,0.03391891891891896,-0.02595614853971437,0.31167065476363165,4,0.2794837754615486,0.5028985359257979,0.49446560682237434,0.15411130595076508,0.825696528556471
176,0,0.28944366080540135,-39.003447594847785,-6.389446199461293,0.8864152316882195,-9.048691894525952,0.30000000000000004,0.4,-3.9593167701863354,-0.6257319725614856,0.0,0.25,0.5,-0.27307692307692305,-0.012186338471525199,0.4657674637110991,4,0.008698357937924395,0.1473598395686622,0.09776350414956635,0.08771677342469435,0.006655692344698424
177,1,0.6497588087755131,26.838495461103548,0.38921897895934876,0.13909575238041505,-0.028068278181894613,0.5,0.4,-1.9904761904761905,-2.590486671557838,0.25,0.0,0.5,-0.0035748445719751,-0.021631812105766313,0.5050339283003844,4,0.1699839984022085,0.40563826132478265,0.29903184586053677,0.4286805352535216,0.22001587022411054
178,0,0.7340002192364717,44.08149109476972,4.882027902047874,-0.3258550855658451,5.85959315874541,0.5,0.30000000000000004,-0.8623670212765957,-3.6050368550368552,0.4,0.0,0.5,0.17632113821138218,-0.02033551030305722,0.06212498905855712,4,0.9686370380326781,0.7004759096084006,0.6680547168315614,0.9549928063763709,0.8821733142184854
179,1,0.253468798839855,-46.91234569500148,-1.9270357564081948,-0.39332481743650516,-0.7470613040986791,0.4,0.7,-1.4607352222765022,-0.5839085418464194,0.25,0.5,0.5,-0.08823529411764708,0.046863028196423795,0.6200578189504158,4,0.0047752017046585465,0.27941119768696665,0.2245801515570404,0.16528919937137052,0.045921725999584384
180,0,0.3294887085723323,-30.856555966826818,-2.4659517218293416,0.09057317022196898,-2.737671232495252,0.5,0.5,-1.357168458781362,0.30660305921550807,0.3076923076923077,0.5483870967741935,0.5,-0.05909090909090914,0.009376881289620304,0.1755087752909792,4,0.011832696887768637,0.17813631561843088,0.21504126374689528,0.010226655623803213,0.03800283927242653
181,0,0.38861368813099223,-19.679761754208357,-1.4866440115262485,0.09291126150759288,-1.7653777960490302,0.5,0.6,-1.3778484673221516,-0.4870129870129871,0.2857142857142857,0.29411764705882354,0.5,0.005716075483517269,0.02997054262914009,0.12717503247054718,4,0.015105378856130558,0.1778144968350245,0.20956435471945947,0.03307059733334928,0.12752593900041131
182,0,0.24419443320064654,-49.067432704876865,-6.30098466359042,0.3939031437245937,-7.482694094764202,0.6000000000000001,0.6000000000000001,-1.770032051282051,1.424923780487805,0.3333333333333333,0.7777777777777778,1.0,-0.20562770562770566,-0.033400219286902205,0.23862385897289706,4,0.04267279266024181,0.28752832738569395,0.3491047125408139,0.2161553748951922,0.3485423014686213
183,1,0.2889258911358178,-39.11284042514103,-5.440135320684966,0.38941217808927586,-6.608371854952793,0.5,0.7,-1.8103448275862069,0.646505376344086,0.3,0.6818181818181818,1.0,-0.22179258929564927,-0.012136299797880862,0.2814785767942458,4,0.07678892902839052,0.32084438019508427,0.3765564042016903,0.41635913526638885,0.4701839938478835
184,1,0.4513588391402912,-8.476643484630813,-1.04780134854051,-0.02956504378728675,-0.9591062171786504,0.6,0.5,0.35358706397401496,0.5882553191489361,0.5625,0.6521739130434783,0.0,0.07835724994645538,0.02520226048649646,0.04021143900352386,4,0.18509029702874155,0.36802071719244284,0.31636081223148904,0.16295023987521365,0.2593818068013014
185,0,0.12557074497287032,-84.28362082050171,-6.792089931679804,0.1356252994301459,-7.198965829970241,0.4,0.6000000000000001,-1.3346938775510204,2.2709750566893425,0.26666666666666666,0.8484848484848485,0.0,-0.16819498069498068,0.04192003624868079,0.4027284265386637,4,0.37202717915847194,0.3379554093799841,0.2440613603973335,0.16795420015549828,0.3224499313649698
186,0,0.18437687709614975,-64.57830747317166,-6.579421716167392,0.48368700020392197,-8.030482716779158,0.4,0.7,-3.4141260162601625,0.3573914823914824,0.25,0.5757575757575758,0.0,-0.3009448909630398,-0.029827461689808515,0.008022404553322815,4,0.06530112136831033,0.25475271598029603,0.20912801832925712,0.1909190644450975,0.023652995402326314
187,0,0.4779263374894649,-3.8370820331779214,-1.5300815667225791,0.43324500548587075,-2.829816583180193,0.4,0.7,-0.6324521934758156,0.4311409395973155,0.42857142857142855,0.5882352941176471,0.0,-0.11393280632411062,-0.03601152231953095,0.25169407375619635,4,0.23302175686819007,0.29809300806725053,0.3263608323377267,0.27921852082750886,0.16017572928773594
188,1,0.7053194233640888,37.90343327633536,3.370106737777533,0.04175552590551668,3.2448401600609813,0.6000000000000001,0.6,1.4527769183168318,-0.46707903780068727,0.7894736842105263,0.3333333333333333,1.0,0.09585510275165443,0.03849847102583928,0.10288474090512079,4,0.9644303017751791,0.8181253156280764,0.8150165444703633,0.9714424409171426,0.9755003554594043
189,1,0.9041330556357113,97.45634625819434,7.875745978234036,-0.27650095682993925,8.705248848723855,0.6000000000000001,0.3,2.3233482211612504,-1.7968582169709988,0.8529411764705882,0.1,1.0,0.39083460276344306,-0.009964097952207318,0.4190123010852216,4,0.9603319438978188,0.8642562349293985,0.9759261272141706,0.9884012799853046,0.9998429484881124
190,1,0.8467750475018018,74.24385564970294,6.347121123622184,-0.2792806108007446,7.184962956024421,0.7,0.6000000000000001,2.334767206477733,-0.7036541889483067,0.8571428571428571,0.4,0.5,0.38020252694165735,-0.043820057876924945,0.23538519658296742,4,0.980791684800274,0.8891991946995135,0.9773598352115396,0.9909356714971702,0.99932770373591
191,0,0.3158736004055011,-33.562301900631155,-2.107714299957493,-0.06131992028645561,-1.9237545390981268,0.3,0.5,-1.3925174070805137,0.06171442936148819,0.25,0.47058823529411764,0.0,-0.005238307791499253,0.030135418692174176,0.2652298034861196,4,0.04538147689329692,0.2215665746078434,0.23876942632640527,0.08992262164604682,0.44279035743123224
192,1,0.5367061453805021,6.3880028540068,0.9590822072989518,0.17573065513241315,0.4318902419017121,0.5,0.7,1.0654652623441878,0.5396478521478522,0.6,0.6,0.5,0.24861111111111106,-0.02027702946775428,0.07073054749808233,4,0.9672029523954465,0.5458278120474567,0.5186010436600308,0.7906377430106741,0.6020961582137176
193,0,0.4898119320757587,-1.7700936726719192,0.5730144766422214,0.03653407647788964,0.46341224720855223,0.4,0.5,0.45318181818181813,0.4807987711213517,0.625,0.5833333333333334,0.5,-0.08406089294062635,-0.02740733887732308,0.1610351783226484,4,0.8471006779700293,0.41787829190231224,0.4365008269901145,0.8489139923859714,0.6363553000955374
194,0,0.43509253544288284,-11.339568095037066,-0.6879680639302741,-0.1520619371146168,-0.2317822525864237,0.5,0.5,-0.7642595499738357,-0.7723378212974294,0.36363636363636365,0.375,0.5,-0.1750360750360751,0.011602683887148052,0.09212423704211753,4,0.04228185058376282,0.34545876394159697,0.282744086859396,0.10528536120438635,0.17755990886246623
195,0,0.061953203199818854,-118.01607389271248,-10.670446954330764,0.5061753208745272,-12.188972916954345,0.2,0.7,-3.586971197119712,2.3483458503660044,0.2,0.8611111111111112,0.5,-0.11065250784745873,0.0005350279209248576,0.18440577682230463,4,0.20266357220372766,0.3540708009418665,0.21564444546829456,0.07515443484873305,0.10066417998596591
196,1,0.811206950082658,63.314566038701514,7.110812960462077,-0.5867879802684701,8.87117690126749,0.5,0.30000000000000004,0.1590189873417721,-3.891111111111111,0.5,0.0,0.5,0.18978494623655917,0.007706133669071191,0.2081479610945558,4,0.9613732868709238,0.8187488030726936,0.8441885448645025,0.9175787055705346,0.9953009194126298
197,1,0.8141636667472205,64.15810896572225,5.257673450635217,-0.20784855493236365,5.881219115432309,0.6,0.0,0.19869555089680868,-2.7941176470588234,0.5263157894736842,0.0,0.5,0.3556818181818181,0.007808966343339718,0.2040294771593265,4,0.6036028650366213,0.760746876254653,0.810919323325544,0.8241034266641678,0.9626963341885307
198,0,0.49742218303872127,-0.44781664042329794,-1.1168107656561759,0.09929586390909373,-1.414698357383454,0.8,0.4,0.311280487804878,0.34307802948579647,0.55,0.6,0.5,0.11173716816640034,0.02070595340091333,0.23022177457094717,4,0.03829755893627403,0.29023035526468877,0.29456988029857256,0.04863077939738076,0.060606648758367763
199,1,0.9366010250627771,116.94723926873371,9.87069849703322,-0.38429474234522565,11.023582724068895,0.7,0.1,2.442478078187797,-2.875,0.8648648648648649,0.0,0.5,0.2970429784024903,-0.012792741806141289,0.29495298387214763,4,0.9583492871672331,0.867470028032847,0.9695094605475041,0.9826197135605315,0.9997251850961205
200,1,0.62151212889474,21.539764157245145,3.2513575503045153,-0.22700785346761698,3.932381110707368,0.5,0.4,0.39913103927702487,-0.8885977172140693,0.6153846153846154,0.3333333333333333,0.5,0.020278538244566102,-0.010600320300927252,0.2542719046417043,4,0.7263142103284689,0.6870257869393741,0.5774105441218841,0.5089842057497209,0.9246734166877363
201,1,0.8976131201300686,94.28448833623997,8.340316333356704,-0.3800018030974406,9.480321742649028,0.8,0.2,2.486196319018405,-1.8644304682040531,0.868421052631579,0.125,1.0,0.2388276901669758,-0.043491235054069766,0.1435060534492234,4,0.8220410097614919,0.8610100164420037,0.9726622383252816,0.9789752599200242,0.9994376766268462
202,0,0.506064035707795,1.053482552700416,0.7028881780411069,-0.2799863754486651,1.5428473043871023,0.4,0.5,0.5313995896968315,0.005951602354480112,0.5945945945945946,0.5,0.0,0.08194444444444438,0.03614078333521642,0.1279315981473675,4,0.42457521719873415,0.37779943548849415,0.4260804964327838,0.36902104991949924,0.5888336495867583
203,0,0.23935018496765062,-50.21509965589985,-4.923156884965056,0.2050262567272061,-5.5382356551466785,0.30000000000000004,0.6,-0.9626082251082252,1.5310846560846563,0.3076923076923077,0.8,0.0,-0.041622073578595264,-0.013310151659073371,0.03958081486647136,4,0.11162444449232733,0.3039409168431913,0.27547990929011335,0.40826958102668803,0.7143626930345418
204,1,0.7733113433257436,53.292459176912644,5.040513822419303,-0.2010712187511472,5.643727478672744,0.7,0.30000000000000004,1.5695555989329169,-1.0076622278588037,0.8095238095238095,0.2857142857142857,1.0,0.21132000903342368,0.013570250101314296,0.006816709921038111,4,0.9672980494756216,0.8737199940602813,0.9070212476734215,0.9918944919294062,0.9949192313132543
205,1,0.8229477083137696,66.72706877337168,5.87143373458434,-0.1416621231824271,6.29642010413162,0.9,0.4,1.3299677583573732,-1.9871473354231974,0.625,0.1111111111111111,0.5,0.35368797868797874,-0.04094028768711325,0.07703924690129949,4,0.9188146348650575,0.8938960248517914,0.9477659855405421,0.9956311215280967,0.9373000948225868
206,1,0.9203858084709966,106.2979424351688,9.24812932774369,-0.48017512511363547,10.688654703084598,0.6,0.5,2.536765629580001,-2.296408393866021,0.8717948717948718,0.2857142857142857,1.0,0.4590907462592999,-0.02882157708051869,0.13409232054162135,4,0.7753798953389353,0.8568443301674938,0.9787455716586152,0.9836704130669504,0.9999574969319165
207,0,0.7821414096361056,55.51105905122813,5.221068898045864,-0.4325201980498241,6.518629492195338,0.4,0.4,0.5115830115830116,-2.3598039215686275,0.5789473684210527,0.25,0.5,0.28466614906832294,0.016357195353080223,0.017291693899934346,4,0.7207253984305435,0.8293066873595134,0.8824261849031692,0.9736784938470664,0.9780644374439488
208,0,0.3328008439271936,-30.207106938127254,-2.1546618833223903,-0.1611738859149776,-1.6711402255774601,0.30000000000000004,0.8,0.4646291208791209,1.4146479328165373,0.5641025641025641,0.6470588235294118,0.6666666666666666,-0.06918918918918926,0.0344435020735204,0.1381165690185857,4,0.061812424745161215,0.3532690347595503,0.32048343460211437,0.24166186784759117,0.9199170214778982
209,1,0.7040008157653119,37.62826482264495,2.9440212140739845,-0.08979071645949843,3.2133933634524823,0.7,0.4,1.6083613060726274,0.2684246112237999,0.8181818181818182,0.5238095238095238,1.0,0.24019095621529696,0.005504381778459078,0.11253526847515061,4,0.9724325447005391,0.7882917123800819,0.8011113829308364,0.9941198617928798,0.9953336521319729
210,0,0.6996355543136854,36.72233478050293,1.7954884272380944,0.2413334042353612,1.0714882145320104,0.6,0.30000000000000004,0.05288569503705376,-0.634558093346574,0.5454545454545454,0.3157894736842105,1.0,0.10519132653061225,-0.003418566255637523,0.3386377876601246,4,0.33100394869301253,0.5439896343359927,0.6186403734320903,0.25025918803554864,0.8272385440793192
211,1,0.7880832834356589,57.04068991046165,5.010671081120723,-0.17606040641843945,5.538852300376043,0.6000000000000001,0.30000000000000004,1.617436448263516,-1.1304388597149289,0.8260869565217391,0.26666666666666666,1.0,0.14663547237076657,0.02203884130602929,0.06279654181847927,4,0.8230485913502549,0.8400457808692581,0.9111317549197986,0.9862221776375991,0.982140523408529
212,1,0.7263315727637192,42.39102265114252,3.289425475623613,-0.20475189390513404,3.9036811573390153,0.30000000000000004,0.6,0.44159336516712744,-1.7028462192013594,0.55,0.09090909090909091,1.0,0.23749644381223323,0.022660982199885604,0.13711514511601997,4,0.9819827193003657,0.8041512649473167,0.8387040836240209,0.9668712225641207,0.993666679171126
213,0,0.12469567664822867,-84.63076773460512,-7.2615769732498805,0.3657395091750466,-8.35879550077502,0.30000000000000004,0.7,-2.2384519350811485,1.6500465983224604,0.3333333333333333,0.8333333333333334,0.5,-0.05549450549450552,-0.010667180910330198,0.11680934554766531,4,0.013454701081479264,0.17815571962646282,0.22811771978288978,0.028578953061812132,0.06321372875865633
214,1,0.4124020252541217,-15.375950087073534,-0.5039769736940762,-0.11974482327264235,-0.14474250387614518,0.4,0.5,0.1471264367816092,0.019767197986577223,0.5,0.5,0.5,-0.03154861944777915,0.01820145989494129,0.19329710949226647,4,0.233602273347476,0.2406077660347054,0.19668565782359249,0.11292420718426392,0.5334363206213387
215,0,0.7395069894905942,45.31462082114558,2.6851067832527917,0.14413451385239728,2.252703241695599,0.4,0.7,0.01358974358974363,-1.4195156695156694,0.46153846153846156,0.23529411764705882,0.5,0.08795248868778272,-0.040511307671404734,0.3189570219507759,4,0.7032688075719096,0.6838931073045064,0.7403139063319192,0.9379948466643966,0.8984395787344084
