game_id,day,date,p1,p2,p3,p4,score1,score2,team1_actual_win,model,fold,pred_team1_win_prob,pred_team1_win,correct
50,9,,NS,SY,FZ,CH,19,21,0,Context-Aware Meta-Model,1,0.19899855569002883,0,1.0
51,10,,NS,CH,AC,TT,21,15,1,Context-Aware Meta-Model,1,0.7360762862954339,1,1.0
52,10,,TT,NS,CH,AC,18,21,0,Context-Aware Meta-Model,1,0.3651692561552399,0,1.0
53,10,,FZ,AC,CH,NS,21,14,1,Context-Aware Meta-Model,1,0.2186677440173451,0,0.0
54,11,,NS,CH,TT,SY,19,21,0,Context-Aware Meta-Model,1,0.6148130368624207,1,0.0
55,11,,SY,NS,CH,TT,21,18,1,Context-Aware Meta-Model,1,0.9018308890134675,1,1.0
56,11,,NS,FZ,CH,SY,14,21,0,Context-Aware Meta-Model,1,0.70512143143761,1,0.0
57,11,,FZ,SY,NS,TT,23,21,1,Context-Aware Meta-Model,1,0.7881505901737733,1,1.0
58,11,,SY,FZ,CH,TT,21,17,1,Context-Aware Meta-Model,1,0.8344620553114517,1,1.0
59,11,,FZ,CH,NS,AC,21,9,1,Context-Aware Meta-Model,1,0.6441176633023142,1,1.0
60,11,,CH,NS,AC,SY,21,18,1,Context-Aware Meta-Model,1,0.4412226130738851,0,0.0
61,11,,CH,SY,FZ,NS,22,24,0,Context-Aware Meta-Model,1,0.22444970724961064,0,1.0
62,12,,NS,CH,SY,TD,12,21,0,Context-Aware Meta-Model,1,0.6169042170701263,1,0.0
63,12,,SY,CH,NS,TD,22,20,1,Context-Aware Meta-Model,1,0.8165430084996915,1,1.0
64,12,,CH,NS,AC,TD,21,10,1,Context-Aware Meta-Model,1,0.5818342167148212,1,1.0
65,12,,AC,SY,TD,NS,21,12,1,Context-Aware Meta-Model,1,0.2858994812254047,0,0.0
66,12,,CH,TD,SY,AC,21,15,1,Context-Aware Meta-Model,1,0.08264552384305802,0,0.0
67,12,,TD,CH,SY,NS,21,19,1,Context-Aware Meta-Model,1,0.16041116642685424,0,0.0
68,12,,AC,SY,NS,CH,14,21,0,Context-Aware Meta-Model,1,0.10329644119098466,0,1.0
69,12,,TD,FZ,NS,CH,24,22,1,Context-Aware Meta-Model,1,0.4329699457187077,0,0.0
70,12,,FZ,TD,NS,SY,18,21,0,Context-Aware Meta-Model,1,0.1788580716870221,0,1.0
71,13,,SY,NS,FZ,CH,13,21,0,Context-Aware Meta-Model,1,0.08025534064259376,0,1.0
72,13,,FZ,NS,CH,SY,21,17,1,Context-Aware Meta-Model,1,0.1993640582615753,0,0.0
73,13,,SY,FZ,NS,CH,21,17,1,Context-Aware Meta-Model,1,0.7419588438210253,1,1.0
74,13,,CH,SY,AC,FZ,17,21,0,Context-Aware Meta-Model,1,0.36625149567274007,0,1.0
75,13,,AC,CH,NS,FZ,7,21,0,Context-Aware Meta-Model,1,0.23329410938782258,0,1.0
76,13,,NS,CH,AC,SY,17,21,0,Context-Aware Meta-Model,1,0.7254160113467698,1,0.0
77,13,,FZ,SY,AC,NS,21,16,1,Context-Aware Meta-Model,1,0.6796043241732724,1,1.0
78,13,,SY,NS,CH,TD,21,15,1,Context-Aware Meta-Model,1,0.33804282415393316,0,0.0
79,13,,TD,NS,CH,SY,21,18,1,Context-Aware Meta-Model,1,0.15018132618752486,0,0.0
80,13,,FZ,TD,CH,NS,20,22,0,Context-Aware Meta-Model,1,0.675041840917405,1,0.0
81,13,,CH,FZ,TD,SY,21,14,1,Context-Aware Meta-Model,1,0.85980333876665,1,1.0
82,13,,TD,FZ,SY,CH,14,21,0,Context-Aware Meta-Model,1,0.4710632933765198,0,1.0
83,13,,TD,TT,CH,NS,15,21,0,Context-Aware Meta-Model,1,0.03226148456689085,0,1.0
84,13,,NS,TD,TT,CH,10,21,0,Context-Aware Meta-Model,1,0.20243338302598568,0,1.0
85,14,,FZ,CH,NS,SY,21,12,1,Context-Aware Meta-Model,1,0.7296649859401326,1,1.0
86,14,,SY,FZ,NS,CH,21,12,1,Context-Aware Meta-Model,1,0.9044859529938326,1,1.0
87,14,,TD,FZ,TT,NS,21,13,1,Context-Aware Meta-Model,1,0.8363486522797858,1,1.0
88,14,,AC,TD,TT,SY,13,21,0,Context-Aware Meta-Model,1,0.05165196044528639,0,1.0
89,14,,AC,NS,TT,CH,16,21,0,Context-Aware Meta-Model,1,0.055749779500963485,0,1.0
90,14,,CH,SY,FZ,NS,22,20,1,Context-Aware Meta-Model,1,0.15394835292989031,0,0.0
91,14,,AC,SY,TD,NS,21,18,1,Context-Aware Meta-Model,1,0.40775910682301303,0,0.0
92,14,,NS,FZ,AC,TD,21,9,1,Context-Aware Meta-Model,1,0.935579716429783,1,1.0
93,14,,FZ,CH,TD,SY,21,13,1,Context-Aware Meta-Model,1,0.9328586629251289,1,1.0
94,14,,FZ,CH,NS,SY,20,22,0,Context-Aware Meta-Model,2,0.9580801726781949,1,0.0
95,15,,SY,CH,NS,SY,21,18,1,Context-Aware Meta-Model,2,0.8634422272567489,1,1.0
96,15,,SY,FZ,AC,CH,21,18,1,Context-Aware Meta-Model,2,0.9844128260627066,1,1.0
97,15,,FZ,NS,CH,TT,21,11,1,Context-Aware Meta-Model,2,0.9410676161456529,1,1.0
98,15,,AC,NS,TT,SY,8,21,0,Context-Aware Meta-Model,2,0.20790501703991748,0,1.0
99,15,,NS,CH,TT,SY,21,17,1,Context-Aware Meta-Model,2,0.060071777103277935,0,0.0
100,15,,CH,AC,NS,SY,22,20,1,Context-Aware Meta-Model,2,0.5793229977453795,1,1.0
101,16,,FZ,AC,CH,TT,21,17,1,Context-Aware Meta-Model,2,0.4231395511929886,0,0.0
102,16,,FZ,SY,CH,TT,21,16,1,Context-Aware Meta-Model,2,0.9880190838338788,1,1.0
103,16,,FZ,CH,AC,TT,21,19,1,Context-Aware Meta-Model,2,0.9992639262100629,1,1.0
104,16,,FZ,TT,AC,SY,21,16,1,Context-Aware Meta-Model,2,0.7635150850495037,1,1.0
105,16,,TT,SY,CH,FZ,17,21,0,Context-Aware Meta-Model,2,0.012910797657826099,0,1.0
106,16,,AC,FZ,CH,SY,19,21,0,Context-Aware Meta-Model,2,0.19739271913779685,0,1.0
107,16,,AC,SY,CH,TT,16,21,0,Context-Aware Meta-Model,2,0.016677975127864005,0,1.0
108,16,,FZ,SY,CH,TT,21,15,1,Context-Aware Meta-Model,2,0.9854884323031972,1,1.0
109,17,,FZ,TD,AC,SY,18,21,0,Context-Aware Meta-Model,2,0.7120650350931756,1,0.0
110,17,,AC,FZ,TT,SY,22,20,1,Context-Aware Meta-Model,2,0.6803355542863763,1,1.0
111,17,,AC,SY,TD,TT,24,26,0,Context-Aware Meta-Model,2,0.9458205524114491,1,0.0
112,17,,TD,SY,TT,FZ,21,16,1,Context-Aware Meta-Model,2,0.042412094052618754,0,0.0
113,17,,TD,FZ,AC,TT,21,16,1,Context-Aware Meta-Model,2,0.9966915707893835,1,1.0
114,18,,AC,SY,FZ,CH,21,19,1,Context-Aware Meta-Model,2,0.0006497125708805431,0,0.0
115,18,,AC,FZ,CH,SY,9,21,0,Context-Aware Meta-Model,2,0.1561360366183061,0,1.0
116,18,,FZ,SY,AC,CH,21,15,1,Context-Aware Meta-Model,2,0.9958649764321339,1,1.0
117,18,,AC,FZ,CH,SY,21,15,1,Context-Aware Meta-Model,2,0.0613050161402858,0,0.0
118,18,,AC,SY,CH,FZ,18,21,0,Context-Aware Meta-Model,2,0.006952732436115306,0,1.0
119,18,,FZ,SY,AC,CH,21,13,1,Context-Aware Meta-Model,2,0.9930800632600912,1,1.0
120,19,,SY,CH,AC,FZ,19,21,0,Context-Aware Meta-Model,2,0.4898716305917737,0,1.0
121,19,,CH,FZ,SY,AC,21,14,1,Context-Aware Meta-Model,2,0.96870103542742,1,1.0
122,19,,CH,FZ,TT,SY,21,15,1,Context-Aware Meta-Model,2,0.9875069439686419,1,1.0
123,19,,TT,CH,AC,SY,23,21,1,Context-Aware Meta-Model,2,0.5773820091219054,1,1.0
124,19,,FZ,SY,AC,TT,21,18,1,Context-Aware Meta-Model,2,0.9979668323031605,1,1.0
125,19,,CH,SY,FZ,TT,21,18,1,Context-Aware Meta-Model,2,0.35464513098789263,0,0.0
126,19,,TT,FZ,AC,CH,17,21,0,Context-Aware Meta-Model,2,0.9302162795476242,1,0.0
127,20,,AC,SY,TT,FZ,19,21,0,Context-Aware Meta-Model,2,0.2622719229572059,0,1.0
128,20,,AC,FZ,TT,SY,21,18,1,Context-Aware Meta-Model,2,0.9088108824246317,1,1.0
129,20,,SY,FZ,AC,TT,21,10,1,Context-Aware Meta-Model,2,0.9990751411498835,1,1.0
130,20,,FZ,TT,AC,SY,21,18,1,Context-Aware Meta-Model,2,0.9795149778582022,1,1.0
131,21,,AC,TT,CH,FZ,24,22,1,Context-Aware Meta-Model,2,0.001022541541504085,0,0.0
132,21,,AC,CH,TT,FZ,10,21,0,Context-Aware Meta-Model,2,0.07447572114146235,0,1.0
133,21,,AC,FZ,CH,TT,22,20,1,Context-Aware Meta-Model,2,0.8693582957305439,1,1.0
134,21,,FZ,AC,TT,CH,24,22,1,Context-Aware Meta-Model,2,0.8387425235749638,1,1.0
135,22,,SY,RS,CH,FZ,10,21,0,Context-Aware Meta-Model,2,0.011913104833324924,0,1.0
136,22,,FZ,RS,CH,SY,19,21,0,Context-Aware Meta-Model,2,0.7943041697872192,1,0.0
137,22,,NS,RS,FZ,SY,9,21,0,Context-Aware Meta-Model,2,0.00299874313339992,0,1.0
138,22,,CH,NS,FZ,RS,21,23,0,Context-Aware Meta-Model,3,0.658622459138178,1,0.0
139,22,,CH,RS,FZ,NS,21,17,1,Context-Aware Meta-Model,3,0.34344284057888325,0,0.0
140,23,,NS,CH,TT,FZ,21,23,0,Context-Aware Meta-Model,3,0.541782527941832,1,0.0
141,23,,FZ,NS,RS,TT,21,6,1,Context-Aware Meta-Model,3,0.9780254792372313,1,1.0
142,23,,TT,FZ,NS,RS,21,12,1,Context-Aware Meta-Model,3,0.9505538912089362,1,1.0
143,23,,SY,TT,CH,RS,21,19,1,Context-Aware Meta-Model,3,0.9179982596188674,1,1.0
144,23,,RS,SY,CH,FZ,10,21,0,Context-Aware Meta-Model,3,0.028173564303339716,0,1.0
145,23,,NS,SY,FZ,RS,19,21,0,Context-Aware Meta-Model,3,0.9053681903773748,1,0.0
146,23,,FZ,SY,NS,CH,21,14,1,Context-Aware Meta-Model,3,0.89796688952757,1,1.0
147,24,,CH,TD,NS,FZ,11,21,0,Context-Aware Meta-Model,3,0.37722039650003725,0,1.0
148,24,,FZ,CH,TD,NS,21,10,1,Context-Aware Meta-Model,3,0.9500051102636553,1,1.0
149,24,,CH,NS,FZ,TD,16,21,0,Context-Aware Meta-Model,3,0.8536186611838982,1,0.0
150,24,,FZ,NS,CH,TD,21,18,1,Context-Aware Meta-Model,3,0.9418311550379158,1,1.0
151,24,,NS,TD,CH,FZ,14,21,0,Context-Aware Meta-Model,3,0.2052864203244773,0,1.0
152,24,,TD,FZ,CH,NS,14,21,0,Context-Aware Meta-Model,3,0.4848123160517209,0,1.0
153,25,,AC,NS,FZ,CH,20,22,0,Context-Aware Meta-Model,3,0.36920203250631145,0,1.0
154,25,,AC,FZ,NS,CH,21,17,1,Context-Aware Meta-Model,3,0.7001178522138276,1,1.0
155,25,,AC,CH,FZ,NS,17,21,0,Context-Aware Meta-Model,3,0.2984924229956032,0,1.0
156,25,,CH,FZ,AC,NS,21,11,1,Context-Aware Meta-Model,3,0.9665385980840622,1,1.0
157,25,,NS,CH,AC,FZ,19,21,0,Context-Aware Meta-Model,3,0.5231978537483479,1,0.0
158,26,,NS,CH,AC,RS,21,16,1,Context-Aware Meta-Model,3,0.9828628230494432,1,1.0
159,26,,RS,AC,NS,CH,16,21,0,Context-Aware Meta-Model,3,0.05244029339470568,0,1.0
160,26,,CH,RS,AC,NS,17,21,0,Context-Aware Meta-Model,3,0.20311512537573012,0,1.0
161,26,,RS,NS,AC,CH,10,21,0,Context-Aware Meta-Model,3,0.27355401833361764,0,1.0
162,27,,CH,FZ,NS,AC,21,15,1,Context-Aware Meta-Model,3,0.9702275709815623,1,1.0
163,27,,AC,FZ,CH,NS,18,21,0,Context-Aware Meta-Model,3,0.8506289276467003,1,0.0
164,27,,NS,FZ,AC,CH,21,19,1,Context-Aware Meta-Model,3,0.9119033629785632,1,1.0
165,27,,RS,FZ,CH,NS,18,21,0,Context-Aware Meta-Model,3,0.270896521002732,0,1.0
166,27,,RS,CH,AC,FZ,21,17,1,Context-Aware Meta-Model,3,0.2229952207223665,0,0.0
167,27,,CH,FZ,RS,NS,21,8,1,Context-Aware Meta-Model,3,0.9487499357723708,1,1.0
168,27,,FZ,NS,AC,RS,21,14,1,Context-Aware Meta-Model,3,0.9312004584720134,1,1.0
169,27,,RS,FZ,AC,NS,22,20,1,Context-Aware Meta-Model,3,0.33588403017605667,0,0.0
170,27,,RS,NS,AC,FZ,11,21,0,Context-Aware Meta-Model,3,0.08739336309933475,0,1.0
171,28,,RS,CH,TT,TD,19,21,0,Context-Aware Meta-Model,3,0.1417897355047735,0,1.0
172,28,,RS,TD,CH,TT,13,21,0,Context-Aware Meta-Model,3,0.12976380501212853,0,1.0
173,28,,FZ,CH,TT,TD,21,13,1,Context-Aware Meta-Model,3,0.9368085342407683,1,1.0
174,28,,FZ,CH,AC,TT,21,15,1,Context-Aware Meta-Model,3,0.9279769025792935,1,1.0
175,28,,FZ,TD,AC,CH,21,15,1,Context-Aware Meta-Model,3,0.3583081752479838,0,0.0
176,28,,RS,TD,AC,CH,14,21,0,Context-Aware Meta-Model,3,0.05687384314225019,0,1.0
177,28,,RS,CH,AC,TD,21,16,1,Context-Aware Meta-Model,3,0.41646076477596566,0,0.0
178,28,,TD,CH,AC,RS,18,21,0,Context-Aware Meta-Model,3,0.5984894825638295,1,0.0
179,29,,AC,NS,RS,FZ,21,13,1,Context-Aware Meta-Model,3,0.5157418853899991,1,1.0
180,29,,AC,NS,CH,NS,14,21,0,Context-Aware Meta-Model,3,0.29336649349072147,0,1.0
181,29,,AC,NS,AC,CH,21,23,0,Context-Aware Meta-Model,3,0.3216190201109418,0,1.0
182,29,,RS,CH,NS,FZ,15,21,0,Context-Aware Meta-Model,4,0.11002989056964747,0,1.0
183,29,,RS,CH,AC,FZ,21,15,1,Context-Aware Meta-Model,4,0.19402062457733132,0,0.0
184,29,,CH,NS,FZ,AC,21,18,1,Context-Aware Meta-Model,4,0.18025466600976975,0,0.0
185,29,,AC,NS,FZ,CH,10,21,0,Context-Aware Meta-Model,4,0.06877833718984357,0,1.0
186,30,,AC,RS,CH,NS,12,21,0,Context-Aware Meta-Model,4,0.0744633686651807,0,1.0
187,30,,RS,FZ,CH,NS,7,21,0,Context-Aware Meta-Model,4,0.5387333088340472,1,0.0
188,30,,NS,FZ,AC,CH,21,10,1,Context-Aware Meta-Model,4,0.9340737560027208,1,1.0
189,30,,FZ,CH,AC,TT,21,17,1,Context-Aware Meta-Model,4,0.9789852001589794,1,1.0
190,30,,FZ,CH,NS,TT,21,11,1,Context-Aware Meta-Model,4,0.9555476243237692,1,1.0
191,30,,AC,NS,CH,TT,17,21,0,Context-Aware Meta-Model,4,0.06599514776558485,0,1.0
192,30,,FZ,TT,NS,CH,21,14,1,Context-Aware Meta-Model,4,0.8553309439117812,1,1.0
193,30,,AC,FZ,CH,NS,15,21,0,Context-Aware Meta-Model,4,0.8206275182402809,1,0.0
194,31,,CH,TD,FZ,RS,17,21,0,Context-Aware Meta-Model,4,0.40032321009851307,0,1.0
195,31,,RS,AC,FZ,CH,9,21,0,Context-Aware Meta-Model,4,0.021376216835195676,0,1.0
196,31,,CH,TT,TD,RS,21,17,1,Context-Aware Meta-Model,4,0.7700295385244997,1,1.0
197,31,,CH,TT,TD,AC,21,9,1,Context-Aware Meta-Model,4,0.12959913960416053,0,0.0
198,31,,CH,TT,AC,FZ,13,21,0,Context-Aware Meta-Model,4,0.24311659141823955,0,1.0
199,31,,CH,FZ,AC,TD,21,10,1,Context-Aware Meta-Model,4,0.9611050893430919,1,1.0
200,31,,AC,FZ,CH,TD,21,14,1,Context-Aware Meta-Model,4,0.7361437828067268,1,1.0
201,31,,CH,FZ,TD,NS,21,7,1,Context-Aware Meta-Model,4,0.9725611531522984,1,1.0
202,31,,CH,NS,FZ,TD,18,21,0,Context-Aware Meta-Model,4,0.36337082440169816,0,1.0
203,31,,TD,CH,NS,FZ,15,21,0,Context-Aware Meta-Model,4,0.06162896923547585,0,1.0
204,32,,FZ,NS,CH,TD,21,9,1,Context-Aware Meta-Model,4,0.9090586059647912,1,1.0
205,32,,FZ,TT,TD,NS,21,13,1,Context-Aware Meta-Model,4,0.8898601192646383,1,1.0
206,32,,FZ,CH,TD,TT,21,14,1,Context-Aware Meta-Model,4,0.9925127861275855,1,1.0
207,32,,NS,CH,TD,TT,15,21,0,Context-Aware Meta-Model,4,0.8654321597692343,1,0.0
208,32,,CH,NS,TT,FZ,17,21,0,Context-Aware Meta-Model,4,0.17506343126193463,0,1.0
209,32,,FZ,NS,CH,TT,21,16,1,Context-Aware Meta-Model,4,0.8781329319888003,1,1.0
210,33,,TD,FZ,AC,CH,20,22,0,Context-Aware Meta-Model,4,0.5477394270086816,1,0.0
211,33,,NS,FZ,TD,CH,22,20,1,Context-Aware Meta-Model,4,0.84536989034319,1,1.0
212,33,,CH,NS,AC,TT,21,15,1,Context-Aware Meta-Model,4,0.9615238735481887,1,1.0
213,33,,TD,TT,NS,FZ,10,21,0,Context-Aware Meta-Model,4,0.060949434869010846,0,1.0
214,33,,TT,CH,FZ,TD,23,21,1,Context-Aware Meta-Model,4,0.30209210089966926,0,0.0
215,33,,TD,FZ,AC,NS,14,21,0,Context-Aware Meta-Model,4,0.931277958887417,1,0.0
216,33,,NS,TD,AC,FZ,14,21,0,Context-Aware Meta-Model,4,0.14380059177729063,0,1.0
217,33,,FZ,NS,AC,TD,21,17,1,Context-Aware Meta-Model,4,0.9800200823095254,1,1.0
218,34,,FZ,AC,RS,TD,21,15,1,Context-Aware Meta-Model,4,0.6506326782949903,1,1.0
219,34,,TD,FZ,AC,RS,21,18,1,Context-Aware Meta-Model,4,0.9585176806056942,1,1.0
220,34,,RS,FZ,AC,TD,21,17,1,Context-Aware Meta-Model,4,0.8461474039647894,1,1.0
221,34,,TD,RS,AC,FZ,7,21,0,Context-Aware Meta-Model,4,0.07160843965989654,0,1.0
222,34,,AC,RS,FZ,TD,13,21,0,Context-Aware Meta-Model,4,0.082645278713179,0,1.0
223,34,,AC,TD,RS,FZ,16,21,0,Context-Aware Meta-Model,4,0.1264445813756329,0,1.0
224,35,,AC,FZ,TT,RS,21,12,1,Context-Aware Meta-Model,4,0.9318005194647384,1,1.0
225,35,,FZ,TT,AC,RS,18,21,0,Context-Aware Meta-Model,4,0.9766851939878672,1,0.0
226,35,,RS,FZ,AC,TT,10,21,0,Context-Aware Meta-Model,5,0.8240959707803193,1,0.0
227,35,,TT,FZ,AC,RS,21,15,1,Context-Aware Meta-Model,5,0.9249480039454744,1,1.0
228,36,,AC,TT,FZ,NS,17,21,0,Context-Aware Meta-Model,5,0.10332633138344723,0,1.0
229,36,,AC,NS,TT,FZ,17,21,0,Context-Aware Meta-Model,5,0.10460538923718275,0,1.0
230,36,,AC,FZ,NS,TT,21,23,0,Context-Aware Meta-Model,5,0.7890597477970485,1,0.0
231,36,,NS,FZ,AC,TT,21,17,1,Context-Aware Meta-Model,5,0.9202087259963873,1,1.0
232,36,,TT,FZ,AC,NS,21,18,1,Context-Aware Meta-Model,5,0.8745127548746942,1,1.0
233,37,,TT,NS,AC,FZ,19,21,0,Context-Aware Meta-Model,5,0.1203313142377088,0,1.0
234,37,,RS,TT,NS,FZ,13,21,0,Context-Aware Meta-Model,5,0.03977745164887711,0,1.0
235,37,,RS,FZ,TT,NS,21,19,1,Context-Aware Meta-Model,5,0.7452153362633303,1,1.0
236,37,,RS,NS,TT,FZ,12,21,0,Context-Aware Meta-Model,5,0.07380478614002292,0,1.0
237,37,,NS,TT,FZ,RS,21,17,1,Context-Aware Meta-Model,5,0.3327382708948575,0,0.0
238,37,,FZ,NS,RS,TT,21,12,1,Context-Aware Meta-Model,5,0.9276602438613012,1,1.0
239,37,,TT,FZ,RS,NS,21,14,1,Context-Aware Meta-Model,5,0.9320357272287613,1,1.0
240,38,,FZ,NS,CH,TT,21,19,1,Context-Aware Meta-Model,5,0.8347863380448796,1,1.0
241,38,,TT,FZ,CH,NS,19,21,0,Context-Aware Meta-Model,5,0.7918679461104382,1,0.0
242,38,,NS,TT,AC,CH,21,17,1,Context-Aware Meta-Model,5,0.07543476178282517,0,0.0
243,38,,NS,TT,FZ,CH,20,22,0,Context-Aware Meta-Model,5,0.06705828080362472,0,1.0
244,38,,CH,NS,AC,FZ,21,19,1,Context-Aware Meta-Model,5,0.39366900686824635,0,0.0
245,38,,FZ,CH,AC,NS,21,17,1,Context-Aware Meta-Model,5,0.948115343829855,1,1.0
246,39,,NS,SY,TT,FZ,18,21,0,Context-Aware Meta-Model,5,0.4847628258744498,0,1.0
247,39,,TD,CH,TT,NS,13,21,0,Context-Aware Meta-Model,5,0.3061560532912413,0,1.0
248,39,,SY,CH,FZ,TD,21,12,1,Context-Aware Meta-Model,5,0.4687129589388868,0,0.0
249,39,,NS,TD,FZ,SY,7,21,0,Context-Aware Meta-Model,5,0.0869527829073011,0,1.0
250,39,,TD,NS,AC,FZ,18,21,0,Context-Aware Meta-Model,5,0.041390927658472944,0,1.0
251,39,,NS,FZ,TD,SY,21,9,1,Context-Aware Meta-Model,5,0.8925070771583598,1,1.0
252,39,,NS,SY,AC,TD,21,8,1,Context-Aware Meta-Model,5,0.7721605404905841,1,1.0
253,40,,AC,TT,CH,NS,21,18,1,Context-Aware Meta-Model,5,0.12875535291916207,0,0.0
254,40,,AC,TT,CH,RS,23,21,1,Context-Aware Meta-Model,5,0.3762306908849544,0,0.0
255,40,,RS,FZ,CH,NS,12,21,0,Context-Aware Meta-Model,5,0.10681551334139398,0,1.0
256,40,,AC,CH,FZ,RS,21,10,1,Context-Aware Meta-Model,5,0.3736684589203772,0,0.0
257,40,,AC,CH,FZ,NS,18,21,0,Context-Aware Meta-Model,5,0.11362136950072962,0,1.0
258,41,,SY,FZ,NS,TT,21,9,1,Context-Aware Meta-Model,5,0.895455908148224,1,1.0
259,41,,CH,SY,AC,NS,21,15,1,Context-Aware Meta-Model,5,0.8232229365901916,1,1.0
260,41,,TT,FZ,TD,CH,21,11,1,Context-Aware Meta-Model,5,0.859503627525222,1,1.0
261,41,,TD,SY,NS,RS,22,24,0,Context-Aware Meta-Model,5,0.3246763486396158,0,1.0
262,41,,AC,TT,TD,RS,21,6,1,Context-Aware Meta-Model,5,0.8359922116608346,1,1.0
263,41,,CH,NS,FZ,TT,16,21,0,Context-Aware Meta-Model,5,0.33462559698390515,0,1.0
264,41,,CH,NS,FZ,TD,21,14,1,Context-Aware Meta-Model,5,0.3164091681380354,0,0.0
265,42,,SY,CH,FZ,TT,15,21,0,Context-Aware Meta-Model,5,0.578523130274167,1,0.0
266,42,,RS,FZ,CH,TT,14,21,0,Context-Aware Meta-Model,5,0.21319465179591315,0,1.0
267,42,,RS,CH,AC,SY,21,18,1,Context-Aware Meta-Model,5,0.18675918431235358,0,0.0
268,42,,RS,SY,AC,FZ,21,17,1,Context-Aware Meta-Model,5,0.0440835514679004,0,0.0
269,42,,AC,CH,RS,SY,21,16,1,Context-Aware Meta-Model,5,0.6872786324218575,1,1.0
