game_id,team1_actual_win,inner_fold,Gradient Boosting,Random Forest,Extra Trees,Hist Gradient Boosting,Logistic Regression
51,1,1,0.45900268809518097,0.70825,0.7834886363636363,0.8174409895795647,0.984125194404899
52,0,1,0.44345522015459343,0.3915833333333334,0.3571805555555557,0.05934862611396251,0.27455531270087985
53,1,1,0.0010135020407798009,0.33683712121212117,0.3195625,0.15012975450304408,0.006789892648805361
54,0,1,0.002587091180421248,0.5405871212121213,0.5780005411255414,0.6922605373974894,0.6736785241273717
55,1,1,0.03606778759423048,0.4705000000000002,0.44954166666666673,0.21673336582515293,0.8223151373059344
56,0,1,0.8837231204973435,0.43975000000000003,0.3729890873015873,0.2100724820459907,0.023122446688669168
57,1,1,0.06929964339932382,0.5748333333333334,0.58449025974026,0.6974465168443895,0.5730682057922041
58,1,1,0.01766476443813226,0.5037083333333334,0.4953100649350651,0.3286436131115949,0.2949892056150001
59,1,1,0.08554918321761477,0.5111287878787878,0.5172922077922079,0.6945329074256616,0.9934513431679726
60,1,1,0.00012383412262146023,0.34750378787878783,0.3329087301587301,0.23476786602701724,0.9063917391794327
61,0,1,0.40041625058988956,0.47504545454545455,0.4464856601731602,0.5222734453152736,0.3075491897698794
62,0,1,0.03871580528879508,0.4813333333333334,0.48843506493506506,0.2036415700884003,0.7730101124565805
63,1,1,0.10088397729458859,0.5372083333333333,0.5832386363636365,0.5312185435150981,0.8987430619057478
64,1,1,0.20841275538711448,0.5617500000000001,0.6805243506493506,0.46441912907226396,0.9792752291124219
65,1,1,0.0019624228807272816,0.3448749999999999,0.36031845238095256,0.3599684209115387,0.5787012865239262
66,1,1,5.760070492403525e-05,0.1982916666666667,0.18470833333333336,0.026679669750642232,0.23186601358281564
67,1,1,4.7873029036635733e-05,0.18258333333333332,0.21179166666666668,0.01890189832299061,0.038778744434881565
68,0,1,6.465135917281004e-05,0.226875,0.2339027777777777,0.1086892542803498,0.3190570093772908
69,1,1,0.7916783021139636,0.3548787878787879,0.2962708333333333,0.036751015889277164,0.014917588081010704
70,0,1,0.01730801548565926,0.3483333333333334,0.3880456349206351,0.060795833829241856,0.016328159232648878
71,0,1,0.002380357230044251,0.3237954545454545,0.389735119047619,0.36093508294364285,0.006145310609732032
72,1,1,0.0006100030167180849,0.4137537878787878,0.384782738095238,0.35766467994790996,0.0014040820719646505
73,1,1,0.0031559140671577955,0.43162499999999987,0.3890059523809525,0.3725313776320271,0.4684980376260767
74,0,1,9.511260966264351e-05,0.33229545454545445,0.341529761904762,0.16719242438949278,0.06287904785125198
75,0,1,6.688150066423053e-05,0.23033333333333336,0.2095833333333332,0.16632695693109556,0.046758429133432436
76,0,1,0.0003808209837113604,0.37483712121212115,0.45444011544011553,0.10883836489925926,0.9934120516027879
77,1,1,0.023227214688860815,0.5159166666666666,0.4475714285714286,0.6131863584128492,0.16581900174357653
78,1,1,0.173435011296109,0.4523787878787878,0.4392521645021646,0.46441912907226396,0.8102579637444791
79,1,1,3.484425499873999e-05,0.18737499999999996,0.21020833333333333,0.052338091419489,0.06604308754768294
80,0,1,0.005931778442242286,0.417878787878788,0.3783333333333333,0.18045633939814118,0.31115680351598846
81,1,1,0.16814154348008772,0.4969999999999999,0.5006130952380953,0.2425591256295178,0.8708429584530916
82,0,1,0.0016438884834400437,0.30650378787878796,0.3335694444444444,0.10854791030104939,0.6218183382950783
83,0,1,0.000378133506856404,0.2729166666666667,0.23791666666666664,0.04675069317262626,0.30415057929923356
84,0,1,0.06467237233404265,0.241,0.27248809523809514,0.031166129895472353,0.40463561070410936
85,1,1,0.00046449817226238316,0.44975000000000004,0.42216071428571417,0.21906194914675245,0.9492816820721534
86,1,1,4.958839476210565e-05,0.4184999999999999,0.43696428571428564,0.31238908308953933,0.8647317193159582
87,1,1,0.0068132894191916295,0.45679545454545467,0.49096590909090937,0.209458259834881,0.9035283205860213
88,0,1,0.000254964783580374,0.21541666666666665,0.2252083333333333,0.06579629429007555,0.49982392552434995
89,0,1,0.0004256352179353025,0.22349999999999995,0.24520833333333328,0.17278897394118936,0.5693568932444194
90,1,1,0.0008748576149047774,0.3948371212121212,0.383280303030303,0.1870295478859277,0.018930297718808147
91,1,1,0.2044032741870038,0.47579166666666667,0.5667040043290045,0.46182339334587524,0.9862124240670725
92,1,1,0.841288737219321,0.5762083333333333,0.6839123376623378,0.4423230781803779,0.992567739329223
93,1,1,0.056690941404351596,0.5054166666666666,0.4392797619047619,0.47241286936407306,0.9334124061437296
94,0,1,0.000415038864482162,0.439625,0.39773809523809533,0.4785127935511694,0.9786715741728985
95,1,1,0.0012497187621378716,0.4023787878787879,0.3658636363636363,0.3833946233038876,0.8545531229888516
96,1,1,0.001860682298097764,0.47174999999999995,0.4513630952380953,0.5392045046626133,0.9672545410778515
97,1,2,0.9975924800074839,0.8336770811267313,0.8164965969058463,0.9096638343801007,0.9959162611836362
98,0,2,0.2837516757855528,0.33892986341210074,0.2639717482071537,0.46489433569771366,0.6438867880251963
99,1,2,0.959178384019292,0.42818567880881,0.4680248590869149,0.886243669296211,0.901447446342888
100,1,2,0.5138713592647401,0.4901039942131349,0.41106339745906434,0.40795734830490266,0.8382610863319727
101,1,2,0.98224009287425,0.6352318408777895,0.6183265418791737,0.8551637853405591,0.9631316971669515
102,1,2,0.9735550885241738,0.8255016095949231,0.8894064280018228,0.9680068901016211,0.9692484605560571
103,1,2,0.9981777376968034,0.8434701621135862,0.9164310515873013,0.9730262274508885,0.996536743812385
104,1,2,0.594287556736229,0.5743223364007448,0.5068363110173381,0.7307150026832372,0.8665968582283063
105,0,2,0.9536275314988149,0.5145618481281591,0.4608370655446088,0.6907832317237983,0.5985158045684539
106,0,2,0.7582496092071983,0.5163089361929678,0.4820621173451947,0.6793158410808406,0.16513522460268304
107,0,2,0.03449053872765905,0.31493128971267015,0.3670124869386588,0.16188245868315607,0.8693234695334828
108,1,2,0.9987369724175571,0.8013499702943014,0.8680386430090375,0.9557168812666381,0.9778963048692595
109,0,2,0.07639007361860745,0.5590106772821973,0.5585499154719911,0.1898121458093237,0.6379714621040493
110,1,2,0.8982125716537995,0.6251053454518989,0.5409096430860643,0.5928415657290715,0.9642250097277028
111,0,2,0.9966334739016917,0.857396554575747,0.9036920687134508,0.9789531418461352,0.9959881082541101
112,1,2,0.6732322092061402,0.41957184192987834,0.33726156270763274,0.8173177731643869,0.27005188644635286
113,1,2,0.9931782106425329,0.8189071887851533,0.8745494493251847,0.9811939718376304,0.9976927292396394
114,1,2,0.281948060318662,0.4814858408021518,0.4808449430837364,0.3104174075800193,0.6974684250294423
115,0,2,0.847354069960204,0.5710665975152844,0.49611803018235745,0.8656436607979255,0.4199501273901307
116,1,2,0.98880524703345,0.8189529984838119,0.8404722649426595,0.9733613024136117,0.5604073251751983
117,1,2,0.9296225977126936,0.5805366211655292,0.48573567882746105,0.8664958978663309,0.7788826762925769
118,0,2,0.9696195273082046,0.5371504018235677,0.5098151811789746,0.7383225771377763,0.39192473708049286
119,1,2,0.9948461507646509,0.8252317683250818,0.8565684049137995,0.9727115415292809,0.7285463942981614
120,0,2,0.9757722891980953,0.5557543329150806,0.5848336658516536,0.7791742744426716,0.4902528755362323
121,1,2,0.99571088676571,0.7739895626335483,0.7967489604693553,0.8987715505183187,0.7161013306964643
122,1,2,0.9944976421509346,0.806414228357609,0.8216039631056077,0.9397079033836419,0.7733955990256295
123,1,2,0.6961482290046683,0.430473313052448,0.386303097321101,0.6569061089780368,0.5405844552682139
124,1,2,0.9961907124229912,0.8650829137074774,0.9344449404761904,0.9881906261733386,0.9807669654788683
125,1,2,0.9899297645880639,0.5532081363572873,0.6000451001632738,0.7495255548853077,0.9027800433450831
126,0,2,0.8333327728171006,0.6515116930515515,0.662740422570746,0.7875658999231866,0.9805973529479992
127,0,2,0.5092085298529546,0.4546564902517007,0.3756430834130851,0.4772409534041108,0.6222640835247863
128,1,2,0.8296110379173116,0.7216880114334621,0.6682942404817408,0.8884784682469321,0.9685644044359111
129,1,2,0.9973159313786081,0.8273523366604109,0.9253893849206348,0.9684847788578843,0.9968768144297926
130,1,2,0.8045297618510104,0.6575354849777826,0.6297373859800329,0.8120252710828577,0.9614668730458258
131,1,2,0.6820529293229649,0.40287118426916235,0.31597222222222215,0.4336297772551586,0.8927992686569626
132,0,2,0.4212552965790182,0.45233485355506386,0.4315789350365968,0.4036335901023665,0.8179123306283368
133,1,2,0.7758512920592381,0.6887383687190908,0.6772618111055614,0.8801018221544604,0.9982629588786238
134,1,2,0.9550347760136196,0.6881033658582375,0.691695550976801,0.853897667414683,0.9930342861971685
135,0,2,0.1117793591055851,0.3901571358813416,0.3419740002644415,0.16492689895730125,0.011602372740839645
136,0,2,0.2233589882406285,0.43688837590314,0.4200521664008507,0.4964203329504673,0.004114974454711638
137,0,2,0.014035239166868831,0.36537754108887927,0.27332490984899704,0.09846753003108202,0.01326354337679338
138,0,2,0.6299199678109544,0.5776393400975346,0.584211652985349,0.8528387767008471,0.04624851633662787
139,1,2,0.8618174253051221,0.4744462345750457,0.4036452380952382,0.6457498872052633,0.8649782704085425
140,0,2,0.19431721950916486,0.48091201798649,0.4607694253849112,0.47603436719295594,0.31509616005547475
141,1,2,0.9973843783167368,0.8266055775103739,0.9377366071428572,0.9384107960033624,0.9985433043664161
142,1,2,0.9973449307374602,0.8347875413636369,0.9039687500000001,0.945007281819713,0.9994140759700938
143,1,3,0.9803233624247518,0.5962208440631825,0.5423067865394438,0.7900227206697101,0.9249379340360534
144,0,3,0.4821700729265624,0.5106501344253788,0.49041424369350656,0.5069839434689609,0.10477390029465392
145,0,3,0.04321411298953436,0.4105107784295933,0.3428847195495443,0.30036658548443174,0.355264495890333
146,1,3,0.9940206924871974,0.9166264333844191,0.8744288507461827,0.9508454046130872,0.7149468739359416
147,0,3,0.4275253972866058,0.47502496451337833,0.4251542499997781,0.21430709198578898,0.21496969991134565
148,1,3,0.9863251814464501,0.9438657461549818,0.9564165342443985,0.980150610351627,0.9916959407353397
149,0,3,0.6741274645709703,0.4327193745649769,0.41134263167504115,0.26730689597912893,0.9090236099978802
150,1,3,0.997699928736584,0.9604680279010135,0.9223259439256161,0.9939696218633771,0.9832974615565876
151,0,3,0.14658020205677125,0.5641777399849492,0.5415030219560116,0.27247318658140784,0.7211202194491173
152,0,3,0.4693309313995583,0.709780426990869,0.7101233936170727,0.6648057700151165,0.4323704500295042
153,0,3,0.43085632215267433,0.5738315868042229,0.5423305623797692,0.7110568723382495,0.7127376676617533
154,1,3,0.9029822191879168,0.8406225328653741,0.731240584782685,0.9237133000594434,0.5083686513328057
155,0,3,0.8933850961723528,0.48450645961772226,0.42385486538951733,0.6837654600651042,0.801373131025417
156,1,3,0.9688673679561924,0.8970503309266848,0.9678584770114944,0.9961360818967988,0.9944001457133749
157,0,3,0.26931742057088137,0.38384256552209933,0.39594200868846063,0.4762919120106487,0.6290799833672724
158,1,3,0.9512813041274656,0.6680441633849205,0.6568905210752773,0.9156705781142003,0.996287602018241
159,0,3,0.303036541142589,0.34370697093765723,0.3862175260062483,0.16326618633502488,0.008011762305112002
160,0,3,0.19929721516314125,0.5336534196348408,0.5088093133847851,0.5424539146324467,0.222885078138966
161,0,3,0.3770105365762041,0.3471216517827321,0.3802042107888568,0.2840963985122926,0.008141917687909225
162,1,3,0.9895700400247733,0.8870117671526647,0.9468597427476739,0.9698574311942969,0.9959751089154475
163,0,3,0.9311308704969905,0.8655801601164659,0.780758175534054,0.9768279403846921,0.7688760647171536
164,1,3,0.9816534532478945,0.913442806017483,0.8614621271353532,0.9492037601176767,0.8588338439212224
165,0,3,0.07646460227692074,0.49905277826588124,0.4651658653441066,0.14464832321359625,0.0201069849808337
166,1,3,0.031272862415580124,0.3588213214568984,0.39157364493097824,0.05082490590818506,0.021979334093060143
167,1,3,0.9259876564825633,0.8474907780448778,0.9444510981116586,0.9748632736989903,0.9947503180954862
168,1,3,0.9017802367356915,0.882071922184226,0.9263603558797526,0.969062180137381,0.9948316154569177
169,1,3,0.056590355378788884,0.5390409319765055,0.6496593244903346,0.3021435096345767,0.29648549828270676
170,0,3,0.006899079655351483,0.43056831048999306,0.44174642695397404,0.19698225300352018,0.04951471630618986
171,0,3,0.1047837606635142,0.4818212024146924,0.5102924130313714,0.16873027715899483,0.6857084607160908
172,0,3,0.29171323034100627,0.2943177403549683,0.28176560080123064,0.07844937742912542,0.12240599375301366
173,1,3,0.8986079613402287,0.8114550210387261,0.9478054231332876,0.9782993473962691,0.9998602062620129
174,1,3,0.9166736510196261,0.7994550210387262,0.9428630952380953,0.9597930103566202,0.9994867284807556
175,1,3,0.17598975466499303,0.5783411969894118,0.608482247096418,0.6674646744857238,0.7391433373374802
176,0,3,0.012422922101774139,0.3380540608978177,0.32530280695499514,0.19952939206271617,0.004509985253041354
177,1,3,0.14536726415465936,0.490441795196213,0.499058854000178,0.6563667627387543,0.3941986455904215
178,0,3,0.395845985817408,0.6910564895269274,0.6747530182705745,0.9495635065344923,0.9646546663518575
179,1,3,0.0513422043438217,0.49706521428359884,0.3638350796406506,0.6396302454503793,0.2221462654103119
180,0,3,0.2611997225146305,0.42082497189976176,0.38593738213842776,0.6065919332830436,0.17426192129608187
181,0,3,0.0677910850957678,0.3433977188765056,0.3451852719398634,0.07884192360804484,0.18298670540671189
182,0,3,0.6515283690122884,0.4791195734787424,0.4812025894541903,0.4597237301074893,0.5221829890562137
183,1,3,0.650146612047697,0.4887168425205928,0.46969525580265037,0.4748966729577122,0.4540849016014607
184,1,3,0.5596523130881745,0.4896785720165632,0.4508669207647163,0.3177958598967902,0.5905017462913201
185,0,3,0.8158043905861407,0.5660489076938042,0.5500540838480785,0.7335522670623992,0.808553777925168
186,0,3,0.8645731357039985,0.46812557122224424,0.41285349589763276,0.3371705361514315,0.03457780590259541
187,0,3,0.9095421009846484,0.48708275825085223,0.4724829739087355,0.3382349731976626,0.1184362774733134
188,1,3,0.812123491748149,0.8055416191665873,0.8523186560787761,0.9570341129935491,0.8974686413369807
189,1,4,0.9921422612590123,0.9106278796580268,0.9847300685425688,0.9937438079510447,0.9996167900690962
190,1,4,0.9932802954137674,0.9214810839718293,0.9789650446231328,0.9923201705779962,0.9983922926483073
191,0,4,0.08489431577813601,0.23749010500169007,0.23179239448778235,0.06861495473360614,0.540988341958666
192,1,4,0.8812019099573593,0.5706851790188842,0.5224331822827928,0.4499574494801803,0.47224822386057363
193,0,4,0.7493130823646673,0.4243347721968611,0.392451573166108,0.7323546846498661,0.5997438249932745
194,0,4,0.08649583160510822,0.40611506303282036,0.35805288708532446,0.19498017608314744,0.370006741909549
195,0,4,0.03760964558796325,0.2829478496622772,0.12439752271674864,0.036450507929881346,0.022689941433355027
196,1,4,0.43547568279974175,0.7410723849665307,0.738857382591673,0.8985504805991775,0.9834326649054206
197,1,4,0.09478479455356305,0.718368011954674,0.7299641312351863,0.6960236105179041,0.889166940733811
198,0,4,0.11680418750046588,0.4029092804186076,0.4360509156205095,0.05961994475290909,0.11566837280404439
199,1,4,0.9171606287460334,0.8868850028509954,0.9857161796536801,0.9740545223948743,0.9987292966409463
200,1,4,0.927927773568951,0.7518287542942539,0.7026457652562625,0.819875763849578,0.9344567698785319
201,1,4,0.951011149554255,0.9013980261781736,0.983005681818182,0.9836514174357768,0.9986156467244108
202,0,4,0.8019609624233957,0.5228527807683728,0.5461601861087761,0.6831854391586325,0.7569661587684277
203,0,4,0.15462852657573006,0.2932073365267629,0.29447330328350574,0.16726914315801555,0.5449226094346127
204,1,4,0.9832625634247438,0.9250153932324362,0.9548302376211533,0.9962322217978075,0.9919197457434524
205,1,4,0.9820376520259911,0.8937815421321501,0.920638084600901,0.9976384414346723,0.9105318640449632
206,1,4,0.9711611052801553,0.8970164077965552,0.9852657828282831,0.9760193221139322,0.9998383025715152
207,0,4,0.7664419603647821,0.8335683730991302,0.8008390924498339,0.8982533298005184,0.9695724142620539
208,0,4,0.16363110840322884,0.3551396251372112,0.38315162622058807,0.38296260758779027,0.9507466001629243
209,1,4,0.9844812955587113,0.8429926701499099,0.8485805792612102,0.9967437242428154,0.9835592317381676
210,0,4,0.8278001966800981,0.6155502858325689,0.7387182032640718,0.4101185570403299,0.8211405082507632
211,1,4,0.9692732136521186,0.8951050285970714,0.9423291318687874,0.9913734880827973,0.9729255787508946
212,1,4,0.9910709492649304,0.8711171308307999,0.8108880227740033,0.9666161298173025,0.9885796585306542
213,0,4,0.05801752551960259,0.19899798370178523,0.21084422945663545,0.026310068371367637,0.044741215634886596
214,1,4,0.2589710993717908,0.36803624652588385,0.3123179985558956,0.11721672370280634,0.784198712246487
215,0,4,0.9764845836775135,0.713861204309444,0.7377138775377025,0.8323870468631058,0.9017029847928473
216,0,4,0.16094692958631307,0.38720789500878217,0.32662767434636725,0.15209549615446719,0.0569793508874449
217,1,4,0.8977956494159267,0.936393156292948,0.9730807629870132,0.9981307569868899,0.9954823276831382
218,1,4,0.4639897070464024,0.7690156275461493,0.8953676443113429,0.9716597170403038,0.9614203813472736
219,1,4,0.7267965452268675,0.7234476090318607,0.7571478954123662,0.7450219970725853,0.9624084684837368
220,1,4,0.7019315757779668,0.6164320820179957,0.7162337623620041,0.9253793401592589,0.8386768485534493
221,0,4,0.1372861351008061,0.34149771524599887,0.22937705998221522,0.17714101729653803,0.020394954270396014
222,0,4,0.22379330266161832,0.328144881308986,0.23889184345019443,0.1468289511035858,0.1370879903273011
223,0,4,0.21443812278551708,0.3632780019789611,0.2931093478660054,0.19009079323124226,0.12413025942425018
224,1,4,0.8492316915563939,0.7849795395233982,0.8849281601843589,0.9282379791407213,0.9950756524966644
225,0,4,0.7820390123371201,0.8565834673265903,0.9459793365406824,0.9932515924398868,0.9965200914696751
226,0,4,0.8501274183629041,0.6814897954042982,0.7138403022667346,0.5840863260669213,0.8670672754941947
227,1,4,0.9362968951527485,0.8999198853588319,0.9307029532017991,0.975297476640836,0.9920999215176176
228,0,4,0.0160814741498922,0.23063738487915336,0.18200082810453766,0.04106464235240027,0.12484760650791518
229,0,4,0.04573939750286121,0.25575865229496075,0.2507755657069128,0.08369607604354312,0.3151705238136042
230,0,4,0.9571091543785516,0.8453214272613729,0.8148615828778054,0.938120627697475,0.9876138301733557
231,1,4,0.9898090504978119,0.9195387771247323,0.9607426638584728,0.9942760872182466,0.9992488663976181
232,1,4,0.9914577807476854,0.9469682491408113,0.92661932009231,0.9937958296467759,0.9889074427930095
233,0,4,0.05246179102693701,0.34177892666393717,0.2854403467505071,0.07329524221182122,0.10733286084306415
234,0,4,0.11056631722573353,0.28171483870887615,0.21337918007632034,0.11249020448069799,0.10179898716885792
