model,fold,train_games,test_games,accuracy,brier_score,log_loss,roc_auc
Gradient Boosting,1,49,44,0.45454545454545453,0.48985712882377985,2.590338652892101,0.5897435897435898
Random Forest,1,49,44,0.5454545454545454,0.24809769988066258,0.6931592995796493,0.6517094017094017
Extra Trees,1,49,44,0.5681818181818182,0.24331957782497057,0.6807659128111999,0.6420940170940171
Hist Gradient Boosting,1,49,44,0.4772727272727273,0.31062049515963086,0.9178864245299764,0.608974358974359
Logistic Regression,1,49,44,0.5454545454545454,0.30723155783840617,1.0266560580614943,0.6602564102564102
Gradient Boosting,2,93,44,0.7272727272727273,0.20884060254835324,0.7007346059452947,0.7946428571428571
Random Forest,2,93,44,0.6590909090909091,0.18256621702286058,0.5440097987089028,0.7767857142857143
Extra Trees,2,93,44,0.6590909090909091,0.18840657935714053,0.5549037730396874,0.7566964285714285
Hist Gradient Boosting,2,93,44,0.6818181818181818,0.19031490406999607,0.5689030165222887,0.7745535714285714
Logistic Regression,2,93,44,0.6818181818181818,0.19366434538065588,0.6476814687922043,0.8281249999999999
Gradient Boosting,3,137,44,0.7727272727272727,0.17802401690748307,0.5649396269006544,0.8302277432712215
Random Forest,3,137,44,0.7272727272727273,0.1807473452092831,0.536670707684721,0.8426501035196686
Extra Trees,3,137,44,0.7272727272727273,0.16845212022419512,0.49786152739877887,0.8488612836438924
Hist Gradient Boosting,3,137,44,0.6590909090909091,0.21377975954659306,0.6648276898004873,0.8033126293995858
Logistic Regression,3,137,44,0.6590909090909091,0.2091012424343127,0.6132915881583345,0.8260869565217391
Gradient Boosting,4,181,44,0.75,0.19026522152419612,0.5687357921833613,0.8178053830227744
Random Forest,4,181,44,0.8409090909090909,0.14004820659045533,0.4487989558940441,0.8881987577639753
Extra Trees,4,181,44,0.8409090909090909,0.14209718691981468,0.4499006981637352,0.8737060041407867
Hist Gradient Boosting,4,181,44,0.8181818181818182,0.15146691494492742,0.5088964859205318,0.8633540372670808
Logistic Regression,4,181,44,0.7727272727272727,0.16140753071462458,0.5458312643603859,0.8819875776397516
Gradient Boosting,5,225,44,0.6818181818181818,0.26940806983496596,0.9339634165553644,0.7410526315789474
Random Forest,5,225,44,0.7272727272727273,0.19238768145102156,0.5608295934857604,0.791578947368421
Extra Trees,5,225,44,0.7045454545454546,0.18393490641814647,0.529809570017537,0.8252631578947368
Hist Gradient Boosting,5,225,44,0.7272727272727273,0.2363056518655319,0.8276159735003173,0.7600000000000001
Logistic Regression,5,225,44,0.5681818181818182,0.28323249812439777,0.8416828926694465,0.68
