corner,player,games,wins,losses,win_pct,point_diff,avg_point_diff,corner_rank
1,FZ,57,48,9,0.8421052631578947,301,5.280701754385965,1
1,SY,18,13,5,0.7222222222222222,40,2.2222222222222223,2
1,CH,45,29,16,0.6444444444444445,124,2.7555555555555555,3
1,TT,17,9,8,0.5294117647058824,19,1.1176470588235294,4
1,NS,37,18,19,0.4864864864864865,1,0.02702702702702703,5
1,AC,59,23,36,0.3898305084745763,-87,-1.4745762711864407,6
1,TD,23,7,16,0.30434782608695654,-64,-2.782608695652174,7
1,RS,37,8,29,0.21621621621621623,-190,-5.135135135135135,8
2,AC,7,5,2,0.7142857142857143,4,0.5714285714285714,1
2,FZ,74,50,24,0.6756756756756757,170,2.2972972972972974,2
2,TT,26,16,10,0.6153846153846154,54,2.076923076923077,3
2,CH,63,34,29,0.5396825396825397,54,0.8571428571428571,4
2,NS,41,21,20,0.5121951219512195,18,0.43902439024390244,5
2,SY,53,26,27,0.49056603773584906,23,0.4339622641509434,6
2,TD,18,2,16,0.1111111111111111,-98,-5.444444444444445,7
2,RS,11,1,10,0.09090909090909091,-81,-7.363636363636363,8
3,FZ,41,29,12,0.7073170731707317,126,3.073170731707317,1
3,CH,63,35,28,0.5555555555555556,71,1.126984126984127,2
3,TT,35,19,16,0.5428571428571428,8,0.22857142857142856,3
3,SY,10,5,5,0.5,5,0.5,4
3,NS,39,18,21,0.46153846153846156,-38,-0.9743589743589743,5
3,AC,73,26,47,0.3561643835616438,-128,-1.7534246575342465,6
3,TD,19,4,15,0.21052631578947367,-101,-5.315789473684211,7
3,RS,13,2,11,0.15384615384615385,-87,-6.6923076923076925,8
4,FZ,43,33,10,0.7674418604651163,159,3.697674418604651,1
4,CH,39,20,19,0.5128205128205128,24,0.6153846153846154,2
4,SY,54,27,27,0.5,6,0.1111111111111111,3
4,NS,51,25,26,0.49019607843137253,-26,-0.5098039215686274,4
4,RS,22,8,14,0.36363636363636365,-69,-3.1363636363636362,5
4,TT,47,15,32,0.3191489361702128,-96,-2.0425531914893615,6
4,TD,28,8,20,0.2857142857142857,-100,-3.5714285714285716,7
4,AC,9,2,7,0.2222222222222222,-42,-4.666666666666667,8
