matchup_id,team1,team2,team1_elo,team2_elo,elo_diff,avg_elo,pred_team1_win_prob
1,TT + NS,CH + RS,1513.1276627254979,1475.887883766079,37.2397789594188,1494.5077732457885,0.7021333832255215
2,TT + CH,NS + RS,1525.3330258758033,1463.6825206157737,61.650505260029604,1494.5077732457885,0.80526869889151
3,NS + CH,TT + RS,1523.1195676782143,1465.8959788133627,57.223588864851536,1494.5077732457885,0.7887857683789128
4,TT + NS,CH + TD,1513.1276627254979,1477.8147049365475,35.31295778895037,1495.4711838310227,0.6927720221714063
5,TT + CH,NS + TD,1525.3330258758033,1465.609341786242,59.723684089561175,1495.4711838310227,0.7982171641384843
6,NS + CH,TT + TD,1523.1195676782143,1467.8227999838311,55.29676769438311,1495.4711838310227,0.7812994632135969
7,CH + FZ,TT + NS,1569.0575449315284,1513.1276627254979,55.92988220603047,1541.0926038285131,0.7837801981672681
8,NS + FZ,TT + CH,1556.8521817812234,1525.3330258758033,31.51915590542012,1541.0926038285133,0.6738731308749606
9,TT + FZ,NS + CH,1559.0656399788122,1523.1195676782143,35.94607230059796,1541.0926038285133,0.6958660387312668
10,TT + NS,CH + AC,1513.1276627254979,1505.360301285099,7.767361440398872,1509.2439820052984,0.5445937203672624
11,TT + CH,NS + AC,1525.3330258758033,1493.1549381347936,32.178087741009676,1509.2439820052984,0.6771987184927966
12,NS + CH,TT + AC,1523.1195676782143,1495.3683963323826,27.751171345831608,1509.2439820052984,0.654526093188918
13,CH + SY,TT + NS,1529.401764012287,1513.1276627254979,16.27410128678912,1521.2647133688924,0.5926002170175162
14,TT + CH,NS + SY,1525.3330258758033,1517.196400861982,8.13662501382123,1521.2647133688927,0.5467016521319055
15,NS + CH,TT + SY,1523.1195676782143,1519.4098590595709,3.70970861864339,1521.2647133688924,0.5213418243788182
16,TT + NS,RS + TD,1513.1276627254979,1418.377657874107,94.75000485139094,1465.7526602998023,0.8985940390700733
17,TT + RS,NS + TD,1465.8959788133627,1465.609341786242,0.2866370271206051,1465.7526602998023,0.5016500093747288
18,TT + TD,NS + RS,1467.8227999838311,1463.6825206157737,4.140279368057463,1465.7526602998023,0.5238153295446648
19,TT + NS,RS + FZ,1513.1276627254979,1509.620497869088,3.5071648564098723,1511.374080297293,0.5201778992317462
20,NS + FZ,TT + RS,1556.8521817812234,1465.8959788133627,90.95620296786069,1511.374080297293,0.8903522260397349
21,TT + FZ,NS + RS,1559.0656399788122,1463.6825206157737,95.38311936303853,1511.374080297293,0.8999147296343856
22,TT + NS,RS + AC,1513.1276627254979,1445.9232542226584,67.20440850283944,1479.5254584740783,0.8245434914788659
23,NS + AC,TT + RS,1493.1549381347936,1465.8959788133627,27.258959321430893,1479.5254584740783,0.6519588516593522
24,TT + AC,NS + RS,1495.3683963323826,1463.6825206157737,31.68587571660896,1479.5254584740783,0.6747162274065195
25,TT + NS,RS + SY,1513.1276627254979,1469.9647169498467,43.162945775651224,1491.5461898376723,0.7298503710404531
26,NS + SY,TT + RS,1517.196400861982,1465.8959788133627,51.30042204861934,1491.5461898376725,0.7651699438447368
27,TT + SY,NS + RS,1519.4098590595709,1463.6825206157737,55.72733844379718,1491.5461898376723,0.7829887933582081
28,TT + NS,TD + FZ,1513.1276627254979,1511.5473190395564,1.5803436859414433,1512.3374908825272,0.509096185834862
29,NS + FZ,TT + TD,1556.8521817812234,1467.8227999838311,89.02938179739226,1512.3374908825272,0.8859453223290105
30,TT + FZ,NS + TD,1559.0656399788122,1465.609341786242,93.4562981925701,1512.3374908825272,0.895847198094292
31,TT + NS,TD + AC,1513.1276627254979,1447.8500753931269,65.27758733237101,1480.4888690593125,0.8180322064301582
32,NS + AC,TT + TD,1493.1549381347936,1467.8227999838311,25.332138150962464,1480.4888690593125,0.6418250114295022
33,TT + AC,NS + TD,1495.3683963323826,1465.609341786242,29.759054546140533,1480.4888690593125,0.66490443277944
34,TT + NS,TD + SY,1513.1276627254979,1471.891538120315,41.236124605182795,1492.5096004229065,0.7210139808635493
35,NS + SY,TT + TD,1517.196400861982,1467.8227999838311,49.37360087815091,1492.5096004229067,0.7571043518825729
36,TT + SY,NS + TD,1519.4098590595709,1465.609341786242,53.80051727332875,1492.5096004229065,0.7753555364943685
37,FZ + AC,TT + NS,1539.092915388108,1513.1276627254979,25.965252662610055,1526.110289056803,0.6451693111044852
38,TT + FZ,NS + AC,1559.0656399788122,1493.1549381347936,65.9107018440186,1526.110289056803,0.8201921697587617
39,NS + FZ,TT + AC,1556.8521817812234,1495.3683963323826,61.48378544884076,1526.1102890568031,0.8046660169339851
40,FZ + SY,TT + NS,1563.1343781152962,1513.1276627254979,50.00671538979827,1538.131020420397,0.7597751499208905
41,TT + FZ,NS + SY,1559.0656399788122,1517.196400861982,41.86923911683016,1538.1310204203971,0.7239369174547023
42,NS + FZ,TT + SY,1556.8521817812234,1519.4098590595709,37.442322721652545,1538.1310204203971,0.7031078477072701
43,TT + NS,AC + SY,1513.1276627254979,1499.4371344688666,13.690528256631296,1506.2823985971822,0.5781628074359205
44,NS + SY,TT + AC,1517.196400861982,1495.3683963323826,21.82800452959941,1506.2823985971822,0.6230721137252963
45,TT + SY,NS + AC,1519.4098590595709,1493.1549381347936,26.254920924777252,1506.2823985971822,0.646694731551804
46,TT + CH,RS + TD,1525.3330258758033,1418.377657874107,106.95536800169634,1471.8553418749552,0.9214880061012964
47,CH + TD,TT + RS,1477.8147049365475,1465.8959788133627,11.918726123184797,1471.8553418749552,0.5681823003669824
48,CH + RS,TT + TD,1475.887883766079,1467.8227999838311,8.065083782247939,1471.8553418749552,0.5462933892119015
49,TT + CH,RS + FZ,1525.3330258758033,1509.620497869088,15.712528006715274,1517.4767618724456,0.5894747206747328
50,CH + FZ,TT + RS,1569.0575449315284,1465.8959788133627,103.16156611816564,1517.4767618724454,0.9149307573524246
51,TT + FZ,CH + RS,1559.0656399788122,1475.887883766079,83.17775621273313,1517.4767618724456,0.8716065359865413
52,TT + CH,RS + AC,1525.3330258758033,1445.9232542226584,79.40977165314484,1485.6281400492308,0.8615802615289556
53,CH + AC,TT + RS,1505.360301285099,1465.8959788133627,39.464322471736295,1485.6281400492308,0.7127339882876299
54,TT + AC,CH + RS,1495.3683963323826,1475.887883766079,19.48051256630356,1485.6281400492308,0.6102957073711531
55,TT + CH,RS + SY,1525.3330258758033,1469.9647169498467,55.368308925956626,1497.648871412825,0.7815808075513921
56,CH + SY,TT + RS,1529.401764012287,1465.8959788133627,63.505785198924286,1497.648871412825,0.8118803442958579
57,TT + SY,CH + RS,1519.4098590595709,1475.887883766079,43.52197529349178,1497.648871412825,0.7314772570960677
58,TT + CH,TD + FZ,1525.3330258758033,1511.5473190395564,13.785706836246845,1518.4401724576799,0.5786972184065474
59,CH + FZ,TT + TD,1569.0575449315284,1467.8227999838311,101.23474494769721,1518.4401724576796,0.911413413673729
60,TT + FZ,CH + TD,1559.0656399788122,1477.8147049365475,81.2509350422647,1518.4401724576799,0.8665591334344853
61,TT + CH,TD + AC,1525.3330258758033,1447.8500753931269,77.48295048267642,1486.591550634465,0.8562037328825302
62,CH + AC,TT + TD,1505.360301285099,1467.8227999838311,37.537501301267866,1486.591550634465,0.703565127621446
63,TT + AC,CH + TD,1495.3683963323826,1477.8147049365475,17.55369139583513,1486.591550634465,0.5996936185124484
64,TT + CH,TD + SY,1525.3330258758033,1471.891538120315,53.4414877554882,1498.6122819980592,0.7739123258874994
65,CH + SY,TT + TD,1529.401764012287,1467.8227999838311,61.57896402845586,1498.6122819980592,0.8050102545461724
66,TT + SY,CH + TD,1519.4098590595709,1477.8147049365475,41.59515412302335,1498.6122819980592,0.7226738609710018
67,FZ + AC,TT + CH,1539.092915388108,1525.3330258758033,13.759889512304653,1532.2129706319556,0.5785522768438565
68,TT + FZ,CH + AC,1559.0656399788122,1505.360301285099,53.7053386937132,1532.2129706319556,0.7749735803464977
69,CH + FZ,TT + AC,1569.0575449315284,1495.3683963323826,73.68914859914571,1532.2129706319556,0.8451104898182851
70,FZ + SY,TT + CH,1563.1343781152962,1525.3330258758033,37.80135223949287,1544.2337019955498,0.7048306499685182
71,TT + FZ,CH + SY,1559.0656399788122,1529.401764012287,29.66387596652521,1544.2337019955496,0.6644159608321857
72,CH + FZ,TT + SY,1569.0575449315284,1519.4098590595709,49.64768587195749,1544.2337019955496,0.7582630515198794
73,TT + CH,AC + SY,1525.3330258758033,1499.4371344688666,25.8958914069367,1512.385080172335,0.6448036084426171
74,CH + SY,TT + AC,1529.401764012287,1495.3683963323826,34.03336767990436,1512.3850801723347,0.686465647148293
75,TT + SY,CH + AC,1519.4098590595709,1505.360301285099,14.04955777447185,1512.385080172335,0.5801777276525779
76,TD + FZ,TT + RS,1511.5473190395564,1465.8959788133627,45.651340226193724,1488.7216489264597,0.7409977720452054
77,RS + FZ,TT + TD,1509.620497869088,1467.8227999838311,41.797697885256866,1488.7216489264597,0.7236075798695761
78,TT + FZ,RS + TD,1559.0656399788122,1418.377657874107,140.68798210470527,1488.7216489264597,0.9622925384167776
79,TT + RS,TD + AC,1465.8959788133627,1447.8500753931269,18.045903420235845,1456.8730271032448,0.60241127635921
80,TT + TD,RS + AC,1467.8227999838311,1445.9232542226584,21.899545761172703,1456.8730271032448,0.6234589084548403
81,TT + AC,RS + TD,1495.3683963323826,1418.377657874107,76.9907384582757,1456.8730271032448,0.8548027113973812
82,TD + SY,TT + RS,1471.891538120315,1465.8959788133627,5.995559306952373,1468.8937584668388,0.534458503543803
83,RS + SY,TT + TD,1469.9647169498467,1467.8227999838311,2.141916966015515,1468.8937584668388,0.5123273665255844
84,TT + SY,RS + TD,1519.4098590595709,1418.377657874107,101.03220118546392,1468.8937584668388,0.9110361445634244
85,FZ + AC,TT + RS,1539.092915388108,1465.8959788133627,73.19693657474522,1502.4944471007352,0.8436211261839377
86,TT + FZ,RS + AC,1559.0656399788122,1445.9232542226584,113.14238575615377,1502.4944471007352,0.931195475240925
87,RS + FZ,TT + AC,1509.620497869088,1495.3683963323826,14.252101536705368,1502.4944471007352,0.5813132558879475
88,FZ + SY,TT + RS,1563.1343781152962,1465.8959788133627,97.23839930193344,1514.5151784643294,0.903697194138517
89,TT + FZ,RS + SY,1559.0656399788122,1469.9647169498467,89.10092302896555,1514.5151784643294,0.8861116697229408
90,TT + SY,RS + FZ,1519.4098590595709,1509.620497869088,9.78936119048285,1514.5151784643294,0.5561146998167771
91,AC + SY,TT + RS,1499.4371344688666,1465.8959788133627,33.54115565550387,1482.6665566411148,0.6840211700815728
92,TT + AC,RS + SY,1495.3683963323826,1469.9647169498467,25.403679382535984,1482.6665566411148,0.6422036130287441
93,TT + SY,RS + AC,1519.4098590595709,1445.9232542226584,73.48660483691242,1482.6665566411148,0.8444990287164206
94,FZ + AC,TT + TD,1539.092915388108,1467.8227999838311,71.2701154042768,1503.4578576859694,0.8376784475443936
95,TT + FZ,TD + AC,1559.0656399788122,1447.8500753931269,111.21556458568534,1503.4578576859694,0.9282979234903493
96,TD + FZ,TT + AC,1511.5473190395564,1495.3683963323826,16.178922707173797,1503.4578576859694,0.5920710101416549
97,FZ + SY,TT + TD,1563.1343781152962,1467.8227999838311,95.31157813146501,1515.4785890495637,0.8997662627045319
98,TT + FZ,TD + SY,1559.0656399788122,1471.891538120315,87.17410185849712,1515.4785890495637,0.881557004623878
99,TT + SY,TD + FZ,1519.4098590595709,1511.5473190395564,7.862540020014421,1515.4785890495637,0.5451372008303187
100,AC + SY,TT + TD,1499.4371344688666,1467.8227999838311,31.614334485035442,1483.629967226349,0.6743545839859045
101,TT + AC,TD + SY,1495.3683963323826,1471.891538120315,23.476858212067555,1483.629967226349,0.6319460829347561
102,TT + SY,TD + AC,1519.4098590595709,1447.8500753931269,71.55978366644399,1483.629967226349,0.8385833285626574
103,TT + FZ,AC + SY,1559.0656399788122,1499.4371344688666,59.628505509945626,1529.2513872238394,0.7978639452257702
104,FZ + SY,TT + AC,1563.1343781152962,1495.3683963323826,67.76598178291351,1529.2513872238394,0.8264063523189343
105,FZ + AC,TT + SY,1539.092915388108,1519.4098590595709,19.683056328537077,1529.2513872238394,0.6114043356181342
106,NS + CH,RS + TD,1523.1195676782143,1418.377657874107,104.74190980410731,1470.7486127761606,0.917720553701777
107,CH + TD,NS + RS,1477.8147049365475,1463.6825206157737,14.132184320773831,1470.7486127761606,0.5806410630097223
108,CH + RS,NS + TD,1475.887883766079,1465.609341786242,10.278541979836973,1470.7486127761606,0.558893396968097
109,NS + CH,RS + FZ,1523.1195676782143,1509.620497869088,13.49906980912624,1516.370032773651,0.5770872485027174
110,CH + FZ,NS + RS,1569.0575449315284,1463.6825206157737,105.37502431575467,1516.370032773651,0.9188146498811044
111,NS + FZ,CH + RS,1556.8521817812234,1475.887883766079,80.96429801514432,1516.3700327736512,0.8657940911773161
112,NS + CH,RS + AC,1523.1195676782143,1445.9232542226584,77.19631345555581,1484.5214109504363,0.8553892286559907
113,CH + AC,NS + RS,1505.360301285099,1463.6825206157737,41.67778066932533,1484.5214109504363,0.7230550008231066
114,NS + AC,CH + RS,1493.1549381347936,1475.887883766079,17.267054368714525,1484.5214109504363,0.5981081625054776
115,NS + CH,RS + SY,1523.1195676782143,1469.9647169498467,53.15485072836759,1496.5421423140306,0.7727554123724033
116,CH + SY,NS + RS,1529.401764012287,1463.6825206157737,65.71924339651332,1496.5421423140303,0.8195411004780524
117,NS + SY,CH + RS,1517.196400861982,1475.887883766079,41.30851709590297,1496.5421423140306,0.7213491586783307
118,NS + CH,TD + FZ,1523.1195676782143,1511.5473190395564,11.572248638657811,1517.3334433588852,0.5662238487696618
119,CH + FZ,NS + TD,1569.0575449315284,1465.609341786242,103.44820314528624,1517.3334433588852,0.9154430516028335
120,NS + FZ,CH + TD,1556.8521817812234,1477.8147049365475,79.0374768446759,1517.3334433588855,0.860554746565955
121,NS + CH,TD + AC,1523.1195676782143,1447.8500753931269,75.26949228508738,1485.4848215356706,0.8498141445858195
122,CH + AC,NS + TD,1505.360301285099,1465.609341786242,39.7509594988569,1485.4848215356706,0.7140834133534496
123,NS + AC,CH + TD,1493.1549381347936,1477.8147049365475,15.340233198246096,1485.4848215356706,0.5873986681579323
124,NS + CH,TD + SY,1523.1195676782143,1471.891538120315,51.22802955789916,1497.5055528992648,0.7648702949382287
125,CH + SY,NS + TD,1529.401764012287,1465.609341786242,63.79242222604489,1497.5055528992646,0.812886301633965
126,NS + SY,CH + TD,1517.196400861982,1477.8147049365475,39.38169592543454,1497.5055528992648,0.7123442952177954
127,FZ + AC,NS + CH,1539.092915388108,1523.1195676782143,15.973347709893687,1531.1062415331612,0.590927255541384
128,NS + FZ,CH + AC,1556.8521817812234,1505.360301285099,51.491880496124395,1531.1062415331612,0.7659611573830764
129,CH + FZ,NS + AC,1569.0575449315284,1493.1549381347936,75.90260679673474,1531.106241533161,0.8516652629801368
130,FZ + SY,NS + CH,1563.1343781152962,1523.1195676782143,40.014810437081906,1543.1269728967552,0.7153222008101261
131,NS + FZ,CH + SY,1556.8521817812234,1529.401764012287,27.450417768936404,1543.1269728967552,0.6529585050817877
132,CH + FZ,NS + SY,1569.0575449315284,1517.196400861982,51.8611440695463,1543.1269728967552,0.7674819263646779
133,NS + CH,AC + SY,1523.1195676782143,1499.4371344688666,23.682433209347664,1511.2783510735403,0.6330463686594417
134,CH + SY,NS + AC,1529.401764012287,1493.1549381347936,36.24682587749339,1511.2783510735403,0.6973296530235217
135,NS + SY,CH + AC,1517.196400861982,1505.360301285099,11.836099576883043,1511.2783510735405,0.5677154479211755
136,TD + FZ,NS + RS,1511.5473190395564,1463.6825206157737,47.86479842378276,1487.614919827665,0.7506585626579745
137,RS + FZ,NS + TD,1509.620497869088,1465.609341786242,44.0111560828459,1487.614919827665,0.7336838973494572
138,NS + FZ,RS + TD,1556.8521817812234,1418.377657874107,138.47452390711646,1487.6149198276653,0.9603989730892591
139,NS + RS,TD + AC,1463.6825206157737,1447.8500753931269,15.832445222646811,1455.7662980044502,0.5901427488164913
140,NS + TD,RS + AC,1465.609341786242,1445.9232542226584,19.68608756358367,1455.7662980044502,0.6114209184382627
141,NS + AC,RS + TD,1493.1549381347936,1418.377657874107,74.77728026068667,1455.7662980044502,0.848361894275747
142,TD + SY,NS + RS,1471.891538120315,1463.6825206157737,8.209017504541407,1467.7870293680444,0.5471147089760742
143,RS + SY,NS + TD,1469.9647169498467,1465.609341786242,4.355375163604549,1467.7870293680444,0.5250505631941161
144,NS + SY,RS + TD,1517.196400861982,1418.377657874107,98.81874298787511,1467.7870293680444,0.906817868743744
145,FZ + AC,NS + RS,1539.092915388108,1463.6825206157737,75.41039477233426,1501.3877180019408,0.850227757736128
146,NS + FZ,RS + AC,1556.8521817812234,1445.9232542226584,110.92892755856496,1501.3877180019408,0.927857373790627
147,RS + FZ,NS + AC,1509.620497869088,1493.1549381347936,16.465559734294402,1501.3877180019408,0.5936641024527255
148,FZ + SY,NS + RS,1563.1343781152962,1463.6825206157737,99.45185749952248,1513.408449365535,0.9080424144619554
149,NS + FZ,RS + SY,1556.8521817812234,1469.9647169498467,86.88746483137675,1513.408449365535,0.8808661268127341
150,NS + SY,RS + FZ,1517.196400861982,1509.620497869088,7.575902992894044,1513.408449365535,0.5435001504644019
151,AC + SY,NS + RS,1499.4371344688666,1463.6825206157737,35.754613853092906,1481.5598275423201,0.6949322357805687
152,NS + AC,RS + SY,1493.1549381347936,1469.9647169498467,23.19022118494695,1481.5598275423201,0.6304096406776174
153,NS + SY,RS + AC,1517.196400861982,1445.9232542226584,71.27314663932361,1481.5598275423204,0.8376879378149923
154,FZ + AC,NS + TD,1539.092915388108,1465.609341786242,73.48357360186583,1502.351128587175,0.8444898627554169
155,NS + FZ,TD + AC,1556.8521817812234,1447.8500753931269,109.00210638809654,1502.351128587175,0.9248305930749146
156,TD + FZ,NS + AC,1511.5473190395564,1493.1549381347936,18.39238090476283,1502.351128587175,0.6043205178727312
157,FZ + SY,NS + TD,1563.1343781152962,1465.609341786242,97.52503632905405,1514.3718599507692,0.9042700596475461
158,NS + FZ,TD + SY,1556.8521817812234,1471.891538120315,84.96064366090832,1514.3718599507692,0.8761310052381728
159,NS + SY,TD + FZ,1517.196400861982,1511.5473190395564,5.6490818224256145,1514.3718599507692,0.5324729564179123
160,AC + SY,NS + TD,1499.4371344688666,1465.609341786242,33.82779268262448,1482.5232381275544,0.6854459467079538
161,NS + AC,TD + SY,1493.1549381347936,1471.891538120315,21.26340001447852,1482.5232381275544,0.620014054306013
162,NS + SY,TD + AC,1517.196400861982,1447.8500753931269,69.34632546885518,1482.5232381275546,0.8315648044586674
163,NS + FZ,AC + SY,1556.8521817812234,1499.4371344688666,57.41504731235682,1528.144658125045,0.7895193006247098
164,FZ + SY,NS + AC,1563.1343781152962,1493.1549381347936,69.97943998050255,1528.1446581250448,0.8335968110836064
165,FZ + AC,NS + SY,1539.092915388108,1517.196400861982,21.896514526125884,1528.144658125045,0.6234425229715093
166,TD + FZ,CH + RS,1511.5473190395564,1475.887883766079,35.65943527347736,1493.7176014028178,0.6944674219045541
167,RS + FZ,CH + TD,1509.620497869088,1477.8147049365475,31.8057929325405,1493.7176014028178,0.6753219461869954
168,CH + FZ,RS + TD,1569.0575449315284,1418.377657874107,150.6798870574214,1493.7176014028178,0.9698083365004516
169,CH + RS,TD + AC,1475.887883766079,1447.8500753931269,28.037808372952213,1461.868979579603,0.6560169842722623
170,CH + TD,RS + AC,1477.8147049365475,1445.9232542226584,31.89145071388907,1461.868979579603,0.6757542569179428
171,CH + AC,RS + TD,1505.360301285099,1418.377657874107,86.98264341099207,1461.868979579603,0.8810959202142644
172,CH + RS,TD + SY,1475.887883766079,1471.891538120315,3.996345645763995,1473.889710943197,0.5229885956525798
173,CH + TD,RS + SY,1477.8147049365475,1469.9647169498467,7.849987986700853,1473.889710943197,0.5450655334262097
174,CH + SY,RS + TD,1529.401764012287,1418.377657874107,111.02410613818006,1473.8897109431969,0.9280039356169109
175,FZ + AC,CH + RS,1539.092915388108,1475.887883766079,63.205031622028855,1507.4903995770935,0.8108203831191382
176,CH + FZ,RS + AC,1569.0575449315284,1445.9232542226584,123.13429070886991,1507.4903995770933,0.9445523522543889
177,RS + FZ,CH + AC,1509.620497869088,1505.360301285099,4.260196583989,1507.4903995770935,0.5245040167370802
178,FZ + SY,CH + RS,1563.1343781152962,1475.887883766079,87.24649434921707,1519.5111309406875,0.8817309419378032
179,CH + FZ,RS + SY,1569.0575449315284,1469.9647169498467,99.0928279816817,1519.5111309406875,0.9073497793133554
180,CH + SY,RS + FZ,1529.401764012287,1509.620497869088,19.78126614319899,1519.5111309406875,0.6119414755797713
181,AC + SY,CH + RS,1499.4371344688666,1475.887883766079,23.549250702787504,1487.6625091174728,0.6323337019457491
182,CH + AC,RS + SY,1505.360301285099,1469.9647169498467,35.39558433525235,1487.6625091174728,0.6931768095930426
183,CH + SY,RS + AC,1529.401764012287,1445.9232542226584,83.47850978962856,1487.6625091174728,0.8723795225925894
184,FZ + AC,CH + TD,1539.092915388108,1477.8147049365475,61.278210451560426,1508.4538101623277,0.8039209326460344
185,CH + FZ,TD + AC,1569.0575449315284,1447.8500753931269,121.20746953840148,1508.4538101623275,0.9421823709311326
186,TD + FZ,CH + AC,1511.5473190395564,1505.360301285099,6.187017754457429,1508.4538101623277,0.5355552239880257
187,FZ + SY,CH + TD,1563.1343781152962,1477.8147049365475,85.31967317874864,1520.4745415259217,0.8770253947867735
188,CH + FZ,TD + SY,1569.0575449315284,1471.891538120315,97.16600681121326,1520.4745415259217,0.9035520286677914
189,CH + SY,TD + FZ,1529.401764012287,1511.5473190395564,17.854444972730562,1520.4745415259217,0.6013549143145365
190,AC + SY,CH + TD,1499.4371344688666,1477.8147049365475,21.622429532319074,1488.625919702707,0.621959780696196
191,CH + AC,TD + SY,1505.360301285099,1471.891538120315,33.46876316478392,1488.625919702707,0.6836607824523516
192,CH + SY,TD + AC,1529.401764012287,1447.8500753931269,81.55168861916013,1488.625919702707,0.867357883254781
193,CH + FZ,AC + SY,1569.0575449315284,1499.4371344688666,69.62041046266177,1534.2473397001975,0.8324469101693975
194,FZ + SY,CH + AC,1563.1343781152962,1505.360301285099,57.774076830197146,1534.2473397001977,0.7908898042499268
195,FZ + AC,CH + SY,1539.092915388108,1529.401764012287,9.691151375820937,1534.2473397001975,0.5555564087911771
196,FZ + AC,RS + TD,1539.092915388108,1418.377657874107,120.715257514001,1478.7352866311076,0.9415618728613332
197,RS + FZ,TD + AC,1509.620497869088,1447.8500753931269,61.77042247596114,1478.7352866311076,0.8057013199130223
198,TD + FZ,RS + AC,1511.5473190395564,1445.9232542226584,65.624064816898,1478.7352866311076,0.8192167548722383
199,FZ + SY,RS + TD,1563.1343781152962,1418.377657874107,144.7567202411892,1490.7560179947016,0.9655485953232257
200,RS + FZ,TD + SY,1509.620497869088,1471.891538120315,37.72895974877292,1490.7560179947016,0.7044837426556947
201,TD + FZ,RS + SY,1511.5473190395564,1469.9647169498467,41.58260208970978,1490.7560179947016,0.7226159326592253
202,AC + SY,RS + TD,1499.4371344688666,1418.377657874107,81.05947659475964,1458.9073961714867,0.8660485356207487
203,TD + SY,RS + AC,1471.891538120315,1445.9232542226584,25.968283897656647,1458.9073961714867,0.6451852892281126
204,RS + SY,TD + AC,1469.9647169498467,1447.8500753931269,22.11464155671979,1458.9073961714867,0.6246208959681541
205,RS + FZ,AC + SY,1509.620497869088,1499.4371344688666,10.183363400221424,1504.5288161689773,0.558353036798501
206,FZ + SY,RS + AC,1563.1343781152962,1445.9232542226584,117.21112389263772,1504.5288161689773,0.9369608694299255
207,FZ + AC,RS + SY,1539.092915388108,1469.9647169498467,69.12819843826128,1504.5288161689773,0.8308601486412897
208,TD + FZ,AC + SY,1511.5473190395564,1499.4371344688666,12.110184570689853,1505.4922267542115,0.5692636026940603
209,FZ + SY,TD + AC,1563.1343781152962,1447.8500753931269,115.28430272216929,1505.4922267542115,0.9342889813371976
210,FZ + AC,TD + SY,1539.092915388108,1471.891538120315,67.20137726779285,1505.4922267542115,0.8245333936457097
