player_a,player_b,games,wins,losses,win_pct,point_diff,avg_point_diff
FZ,SY,20,19,1,0.95,134,6.7
CH,FZ,42,37,5,0.8809523809523809,259,6.166666666666667
FZ,NS,33,29,4,0.8787878787878788,184,5.575757575757576
FZ,TT,29,21,8,0.7241379310344828,97,3.3448275862068964
AC,FZ,36,23,13,0.6388888888888888,57,1.5833333333333333
CH,SY,27,17,10,0.6296296296296297,44,1.6296296296296295
CH,NS,47,27,20,0.574468085106383,58,1.2340425531914894
CH,TT,25,13,12,0.52,19,0.76
SY,TT,17,8,9,0.47058823529411764,-1,-0.058823529411764705
FZ,TD,18,8,10,0.4444444444444444,-9,-0.5
NS,TT,14,6,8,0.42857142857142855,-13,-0.9285714285714286
FZ,RS,17,7,10,0.4117647058823529,-55,-3.235294117647059
NS,SY,15,6,9,0.4,-4,-0.26666666666666666
CH,RS,13,5,8,0.38461538461538464,-13,-1.0
SY,TD,8,3,5,0.375,-16,-2.0
RS,SY,8,3,5,0.375,-25,-3.125
AC,CH,24,9,15,0.375,-48,-2.0
AC,SY,21,7,14,0.3333333333333333,-31,-1.4761904761904763
TD,TT,10,3,7,0.3,-44,-4.4
AC,TT,18,5,13,0.2777777777777778,-31,-1.7222222222222223
AC,NS,22,5,17,0.22727272727272727,-79,-3.590909090909091
CH,TD,18,4,14,0.2222222222222222,-62,-3.4444444444444446
AC,RS,10,2,8,0.2,-49,-4.9
NS,RS,8,1,7,0.125,-69,-8.625
NS,TD,13,1,12,0.07692307692307693,-88,-6.769230769230769
RS,TD,7,0,7,0.0,-62,-8.857142857142858
RS,TT,8,0,8,0.0,-68,-8.5
AC,TD,10,0,10,0.0,-85,-8.5
