game_id,day,date,player,elo_after_game
24,5,,AC,1497.0261491898739
25,5,,AC,1493.2628624569859
26,5,,AC,1490.2023817806426
27,5,,AC,1492.9614864250996
28,5,,AC,1495.7253064796341
29,5,,AC,1492.9908257385819
31,6,,AC,1489.551520710468
34,6,,AC,1486.425007749712
35,6,,AC,1489.1748583666592
36,7,,AC,1485.9540204368923
37,7,,AC,1482.6945209659661
39,7,,AC,1479.9682852969224
40,7,,AC,1477.3348758885493
41,7,,AC,1480.09726372216
42,8,,AC,1477.1119363072562
43,8,,AC,1480.1957617903972
45,8,,AC,1483.5362881697906
46,8,,AC,1480.5242224557994
48,9,,AC,1483.4687886367299
49,9,,AC,1480.5323109695246
51,10,,AC,1477.470077975691
52,10,,AC,1480.3274440119785
53,10,,AC,1483.734698759369
59,11,,AC,1479.9407417548694
60,11,,AC,1477.1244529677926
64,12,,AC,1473.4698377212944
65,12,,AC,1477.018760483674
66,12,,AC,1473.7908932930209
68,12,,AC,1470.5305356466383
74,13,,AC,1473.5556740750224
75,13,,AC,1469.5332994571847
76,13,,AC,1472.5850331150618
77,13,,AC,1469.671123080849
88,14,,AC,1466.3258730191942
89,14,,AC,1463.2883187700284
91,14,,AC,1466.08953083141
92,14,,AC,1462.4575527275013
96,15,,AC,1459.7696415886294
98,15,,AC,1455.8292967533316
100,15,,AC,1458.6379174839253
101,16,,AC,1461.568145596394
103,16,,AC,1459.126358490716
104,16,,AC,1456.1228457569432
106,16,,AC,1453.4188892609523
107,16,,AC,1450.3511519522926
109,17,,AC,1453.3104090172765
110,17,,AC,1455.9822097826852
111,17,,AC,1453.1211200014325
113,17,,AC,1450.2628163617408
114,18,,AC,1453.2306895818579
115,18,,AC,1449.3787916768506
116,18,,AC,1446.413418189705
117,18,,AC,1449.7189287858623
118,18,,AC,1447.0821558507346
119,18,,AC,1443.920543900621
120,19,,AC,1446.7155216692533
121,19,,AC,1443.6593945003287
123,19,,AC,1440.9449167204793
124,19,,AC,1438.4757064503183
126,19,,AC,1441.5787528279832
127,20,,AC,1438.9548619504003
128,20,,AC,1441.7145484314779
129,20,,AC,1438.442942333803
130,20,,AC,1435.7221967543003
131,21,,AC,1438.8912095650167
132,21,,AC,1435.2531087306024
133,21,,AC,1437.9050749096884
134,21,,AC,1440.540341203895
1,1,,CH,1496.547619047619
3,1,,CH,1499.2859123668682
4,1,,CH,1495.583801705728
5,1,,CH,1498.3428729703942
6,2,,CH,1502.4925131506664
8,2,,CH,1506.3125480484757
9,2,,CH,1509.4039973630486
11,2,,CH,1506.561627605231
12,2,,CH,1503.561444908559
13,3,,CH,1506.7036861020338
14,3,,CH,1503.8766104209164
15,3,,CH,1500.685347793055
16,3,,CH,1503.5708004840799
17,3,,CH,1506.3714299664596
18,3,,CH,1509.5821813954042
19,4,,CH,1506.0199563844253
21,4,,CH,1508.9886503879886
22,4,,CH,1505.609765486979
23,4,,CH,1508.8778768336663
24,5,,CH,1511.8517276437924
25,5,,CH,1508.0884409109044
26,5,,CH,1505.027960234561
27,5,,CH,1502.268855590104
28,5,,CH,1499.5050355355695
29,5,,CH,1502.2395162766218
32,6,,CH,1505.4809603639835
33,6,,CH,1509.3966473674334
35,6,,CH,1506.6467967504861
36,7,,CH,1509.867634680253
37,7,,CH,1513.1271341511792
38,7,,CH,1515.9903177731533
39,7,,CH,1513.2640821041095
40,7,,CH,1515.8974915124827
41,7,,CH,1513.135103678872
42,8,,CH,1516.1204310937758
44,8,,CH,1519.3489062328972
45,8,,CH,1516.0083798535038
46,8,,CH,1512.9963141395126
47,9,,CH,1516.2684499821623
49,9,,CH,1519.2049276493676
50,9,,CH,1521.93087557
51,10,,CH,1524.9931085638334
52,10,,CH,1527.8504746001208
53,10,,CH,1524.4432198527304
54,11,,CH,1521.6177025573184
55,11,,CH,1518.8125790485028
56,11,,CH,1522.1763449227944
58,11,,CH,1519.308443582543
59,11,,CH,1523.1024005870427
60,11,,CH,1525.9186893741194
61,11,,CH,1523.1832039380586
62,12,,CH,1519.540646743197
63,12,,CH,1522.2014739764038
64,12,,CH,1525.856089222902
66,12,,CH,1529.0839564135551
67,12,,CH,1531.8672700230636
68,12,,CH,1535.1276276694462
69,12,,CH,1532.358787551759
71,13,,CH,1535.7282437287995
72,13,,CH,1532.7422201736224
73,13,,CH,1529.8119994271285
74,13,,CH,1526.7868609987445
75,13,,CH,1522.7644863809069
76,13,,CH,1519.7127527230298
78,13,,CH,1516.5484465730854
79,13,,CH,1513.5931379173985
80,13,,CH,1516.3626432145313
81,13,,CH,1519.555928269819
82,13,,CH,1522.8824919071974
83,13,,CH,1525.922834576571
84,13,,CH,1529.713638093605
85,14,,CH,1533.1767668271482
86,14,,CH,1529.6933112013367
89,14,,CH,1532.7308654505025
90,14,,CH,1535.4797634740053
93,14,,CH,1538.7060623441876
94,14,,CH,1535.833097201729
95,15,,CH,1538.6298890275432
96,15,,CH,1535.9419778886713
97,15,,CH,1532.3801723359863
99,15,,CH,1535.3311134229984
100,15,,CH,1538.1397341535921
101,16,,CH,1535.2095060411234
102,16,,CH,1532.312094408354
103,16,,CH,1534.753881514032
105,16,,CH,1537.5187866890783
106,16,,CH,1540.2227431850692
107,16,,CH,1543.2904804937289
108,16,,CH,1540.2800096810051
114,18,,CH,1537.312136460888
115,18,,CH,1541.1640343658953
116,18,,CH,1538.1986608787497
117,18,,CH,1534.8931502825924
118,18,,CH,1537.5299232177201
119,18,,CH,1534.3683112676065
120,19,,CH,1531.573333498974
121,19,,CH,1534.6294606678987
122,19,,CH,1537.5781863746902
123,19,,CH,1540.2926641545396
125,19,,CH,1543.1309024697705
126,19,,CH,1546.2339488474354
131,21,,CH,1543.064936036719
132,21,,CH,1539.4268352023048
133,21,,CH,1536.7748690232188
134,21,,CH,1534.1396027290123
2,1,,FZ,1503.326708841291
3,1,,FZ,1500.588415522042
4,1,,FZ,1504.290526183182
19,4,,FZ,1507.8527511941609
20,4,,FZ,1504.5786098389772
22,4,,FZ,1507.9574947399867
23,4,,FZ,1511.225606086674
24,5,,FZ,1514.1994568968
25,5,,FZ,1517.962743629688
26,5,,FZ,1521.0232243060314
27,5,,FZ,1523.7823289504884
28,5,,FZ,1521.0185088959538
29,5,,FZ,1518.2840281549015
30,6,,FZ,1515.0785934127296
31,6,,FZ,1518.5178984408435
32,6,,FZ,1521.7593425282053
33,6,,FZ,1525.6750295316551
34,6,,FZ,1528.801542492411
35,6,,FZ,1531.5513931093583
36,7,,FZ,1528.3305551795913
37,7,,FZ,1531.5900546505175
38,7,,FZ,1528.7268710285434
40,7,,FZ,1531.3602804369166
43,8,,FZ,1534.4441059200576
44,8,,FZ,1537.672581059179
45,8,,FZ,1534.3320546797856
46,8,,FZ,1537.3441203937768
47,9,,FZ,1534.0719845511271
48,9,,FZ,1531.1274183701967
49,9,,FZ,1528.1909407029916
50,9,,FZ,1530.916888623624
53,10,,FZ,1534.3241433710143
56,11,,FZ,1530.9603774967227
57,11,,FZ,1533.600226217294
58,11,,FZ,1536.4681275575454
59,11,,FZ,1540.262084562045
61,11,,FZ,1542.9975699981057
69,12,,FZ,1545.766410115793
70,12,,FZ,1542.9061772244722
71,13,,FZ,1546.2756334015128
72,13,,FZ,1549.2616569566899
73,13,,FZ,1552.1918777031838
74,13,,FZ,1555.2170161315678
75,13,,FZ,1559.2393907494054
77,13,,FZ,1562.1533007836183
80,13,,FZ,1559.3837954864855
81,13,,FZ,1562.5770805417733
82,13,,FZ,1559.250516904395
85,14,,FZ,1562.7136456379383
86,14,,FZ,1566.1971012637498
87,14,,FZ,1569.5379309408252
90,14,,FZ,1566.7890329173224
92,14,,FZ,1570.4210110212312
93,14,,FZ,1573.6473098914134
94,14,,FZ,1570.774344748955
96,15,,FZ,1573.4622558878268
97,15,,FZ,1577.0240614405118
101,16,,FZ,1579.9542895529805
102,16,,FZ,1582.85170118575
103,16,,FZ,1585.293488291428
104,16,,FZ,1588.2970010252009
105,16,,FZ,1591.0619062002472
106,16,,FZ,1588.3579497042563
108,16,,FZ,1591.36842051698
109,17,,FZ,1588.4091634519962
110,17,,FZ,1591.080964217405
112,17,,FZ,1587.8653062362157
113,17,,FZ,1590.7236098759074
114,18,,FZ,1587.7557366557903
115,18,,FZ,1583.903838750783
116,18,,FZ,1586.8692122379287
117,18,,FZ,1590.174722834086
118,18,,FZ,1592.8114957692137
119,18,,FZ,1595.9731077193273
120,19,,FZ,1598.7680854879598
121,19,,FZ,1601.8242126568844
122,19,,FZ,1604.7729383636758
124,19,,FZ,1607.242148633837
125,19,,FZ,1604.403910318606
126,19,,FZ,1601.300863940941
127,20,,FZ,1603.924754818524
128,20,,FZ,1606.6844412996015
129,20,,FZ,1609.9560473972763
130,20,,FZ,1612.676792976779
131,21,,FZ,1609.5077801660627
132,21,,FZ,1613.145881000477
133,21,,FZ,1615.797847179563
134,21,,FZ,1618.4331134737695
1,1,,NS,1503.452380952381
2,1,,NS,1506.779089793672
3,1,,NS,1509.5173831129212
5,1,,NS,1506.758311848255
30,6,,NS,1509.963746590427
31,6,,NS,1513.403051618541
32,6,,NS,1510.1616075311792
34,6,,NS,1513.2881204919352
35,6,,NS,1510.538269874988
36,7,,NS,1513.7591078047549
37,7,,NS,1510.4996083338287
38,7,,NS,1513.3627919558028
39,7,,NS,1516.0890276248465
41,7,,NS,1518.8514154584573
42,8,,NS,1521.8367428733611
47,9,,NS,1518.5646070307114
48,9,,NS,1521.5091732116418
49,9,,NS,1524.4456508788471
50,9,,NS,1521.7197029582148
51,10,,NS,1524.7819359520483
52,10,,NS,1521.924569915761
53,10,,NS,1518.5173151683705
54,11,,NS,1515.6917978729584
55,11,,NS,1518.496921381774
56,11,,NS,1515.1331555074823
57,11,,NS,1512.493306786911
59,11,,NS,1508.6993497824114
60,11,,NS,1511.5156385694881
61,11,,NS,1514.251124005549
62,12,,NS,1510.6085668106873
63,12,,NS,1507.9477395774804
64,12,,NS,1511.6023548239787
65,12,,NS,1508.053432061599
67,12,,NS,1505.2701184520906
68,12,,NS,1508.5304760984732
69,12,,NS,1505.761635980786
70,12,,NS,1508.6218688721067
71,13,,NS,1505.2524126950661
72,13,,NS,1508.2384362502432
73,13,,NS,1505.3082155037494
75,13,,NS,1509.330590121587
76,13,,NS,1506.2788564637099
77,13,,NS,1503.364946429497
78,13,,NS,1506.5292525794414
79,13,,NS,1509.4845612351282
80,13,,NS,1512.254066532261
83,13,,NS,1515.2944092016346
84,13,,NS,1511.5036056846006
85,14,,NS,1508.0404769510574
86,14,,NS,1504.5570213252458
87,14,,NS,1501.2161916481705
89,14,,NS,1498.1786373990046
90,14,,NS,1495.4297393755019
91,14,,NS,1492.6285273141202
92,14,,NS,1496.260505418029
94,14,,NS,1499.1334705604875
95,15,,NS,1496.3366787346733
97,15,,NS,1499.8984842873583
98,15,,NS,1495.9581394520605
99,15,,NS,1498.9090805390726
100,15,,NS,1496.100459808479
7,2,,RS,1496.562882380284
8,2,,RS,1492.7428474824746
10,2,,RS,1495.4584144467426
11,2,,RS,1498.3007842045602
12,2,,RS,1495.3006015078881
15,3,,RS,1492.1093388800266
16,3,,RS,1489.2238861890016
17,3,,RS,1486.423256706622
18,3,,RS,1483.2125052776773
19,4,,RS,1479.6502802666985
20,4,,RS,1476.3761389115148
21,4,,RS,1473.4074449079515
23,4,,RS,1470.1393335612643
1,1,,SY,1496.547619047619
2,1,,SY,1493.220910206328
4,1,,SY,1496.923020867468
5,1,,SY,1499.6820921321341
6,2,,SY,1503.8317323124063
7,2,,SY,1507.2688499321223
9,2,,SY,1504.1774006175494
10,2,,SY,1506.8929675818174
11,2,,SY,1509.735337339635
12,2,,SY,1512.735520036307
13,3,,SY,1515.8777612297818
14,3,,SY,1518.704836910899
15,3,,SY,1521.8960995387606
16,3,,SY,1519.0106468477356
17,3,,SY,1521.8112763301153
20,4,,SY,1525.085417685299
21,4,,SY,1522.1167236817357
22,4,,SY,1518.7378387807262
24,5,,SY,1515.7639879706
25,5,,SY,1519.527274703488
27,5,,SY,1516.768170059031
28,5,,SY,1519.5319901135656
29,5,,SY,1522.2664708546179
30,6,,SY,1525.4719055967898
31,6,,SY,1522.032600568676
32,6,,SY,1518.7911564813141
33,6,,SY,1514.8754694778643
43,8,,SY,1511.7916439947232
44,8,,SY,1508.5631688556018
45,8,,SY,1511.9036952349952
46,8,,SY,1514.9157609489864
47,9,,SY,1518.1878967916361
48,9,,SY,1515.2433306107057
50,9,,SY,1512.5173826900734
54,11,,SY,1515.3428999854855
55,11,,SY,1518.148023494301
56,11,,SY,1521.5117893685926
57,11,,SY,1524.151638089164
58,11,,SY,1527.0195394294153
60,11,,SY,1524.2032506423386
61,11,,SY,1521.4677652062778
62,12,,SY,1525.1103224011395
63,12,,SY,1527.7711496343463
65,12,,SY,1531.320072396726
66,12,,SY,1528.0922052060728
67,12,,SY,1525.3088915965643
68,12,,SY,1522.0485339501818
70,12,,SY,1524.9087668415025
71,13,,SY,1521.539310664462
72,13,,SY,1518.5532871092848
73,13,,SY,1521.4835078557787
74,13,,SY,1518.4583694273947
76,13,,SY,1521.5101030852718
77,13,,SY,1524.4240131194847
78,13,,SY,1527.5883192694291
79,13,,SY,1524.6330106137423
81,13,,SY,1521.4397255584545
82,13,,SY,1524.7662891958328
85,14,,SY,1521.3031604622895
86,14,,SY,1524.786616088101
88,14,,SY,1528.1318661497558
90,14,,SY,1530.8807641732585
91,14,,SY,1533.6819762346402
93,14,,SY,1530.4556773644579
94,14,,SY,1533.3286425069164
95,15,,SY,1533.3286425069164
95,15,,SY,1533.3286425069164
96,15,,SY,1536.0165536457885
98,15,,SY,1539.9568984810862
99,15,,SY,1537.0059573940741
100,15,,SY,1534.1973366634804
102,16,,SY,1537.09474829625
104,16,,SY,1534.091235562477
105,16,,SY,1531.3263303874307
106,16,,SY,1534.0302868834217
107,16,,SY,1530.962549574762
108,16,,SY,1533.9730203874858
109,17,,SY,1536.9322774524696
110,17,,SY,1534.2604766870609
111,17,,SY,1531.3993869058081
112,17,,SY,1534.6150448869973
114,18,,SY,1537.5829181071144
115,18,,SY,1541.4348160121217
116,18,,SY,1544.4001894992673
117,18,,SY,1541.09467890311
118,18,,SY,1538.4579059679822
119,18,,SY,1541.6195179180959
120,19,,SY,1538.8245401494635
121,19,,SY,1535.7684129805389
122,19,,SY,1532.8196872737474
123,19,,SY,1530.105209493898
124,19,,SY,1532.574419764059
125,19,,SY,1535.41265807929
127,20,,SY,1532.788767201707
128,20,,SY,1530.0290807206295
129,20,,SY,1533.3006868183043
130,20,,SY,1530.5799412388014
4,1,,TD,1496.29788933886
5,1,,TD,1493.5388180741938
6,2,,TD,1489.3891778939217
7,2,,TD,1485.9520602742057
8,2,,TD,1489.772095172015
9,2,,TD,1486.6806458574422
10,2,,TD,1483.9650788931742
11,2,,TD,1481.1227091353567
12,2,,TD,1484.1228918320287
13,3,,TD,1480.980650638554
14,3,,TD,1478.1535749574366
18,3,,TD,1481.3643263863812
62,12,,TD,1485.0068835812428
63,12,,TD,1482.346056348036
64,12,,TD,1478.6914411015377
65,12,,TD,1475.1425183391582
66,12,,TD,1478.3703855298113
67,12,,TD,1481.1536991393198
69,12,,TD,1483.922539257007
70,12,,TD,1481.0623063656863
78,13,,TD,1477.8980002157418
79,13,,TD,1480.8533088714287
80,13,,TD,1478.0838035742959
81,13,,TD,1474.890518519008
82,13,,TD,1471.5639548816298
83,13,,TD,1468.5236122122562
84,13,,TD,1464.7328086952223
87,14,,TD,1468.0736383722976
88,14,,TD,1464.728388310643
91,14,,TD,1461.9271762492613
92,14,,TD,1458.2951981453525
93,14,,TD,1455.0688992751702
109,17,,TD,1452.1096422101864
111,17,,TD,1454.9707319914392
112,17,,TD,1458.1863899726284
113,17,,TD,1461.04469361232
1,1,,TT,1503.452380952381
2,1,,TT,1500.12567211109
3,1,,TT,1497.3873787918408
6,2,,TT,1493.2377386115686
7,2,,TT,1496.6748562312846
8,2,,TT,1492.8548213334752
9,2,,TT,1495.946270648048
10,2,,TT,1493.2307036837801
13,3,,TT,1490.0884624903053
14,3,,TT,1492.9155381714227
15,3,,TT,1496.1068007992842
16,3,,TT,1498.9922534903092
17,3,,TT,1496.1916240079295
18,3,,TT,1492.9808725789849
19,4,,TT,1496.5430975899637
20,4,,TT,1499.8172389451474
21,4,,TT,1502.7859329487108
22,4,,TT,1506.1648178497203
23,4,,TT,1502.896706503033
26,5,,TT,1505.9571871793764
30,6,,TT,1502.7517524372045
33,6,,TT,1498.8360654337546
34,6,,TT,1495.7095524729987
38,7,,TT,1492.8463688510246
39,7,,TT,1495.5726045200684
40,7,,TT,1492.9391951116952
41,7,,TT,1490.1768072780844
42,8,,TT,1487.1914798631806
43,8,,TT,1484.1076543800395
44,8,,TT,1480.8791792409181
51,10,,TT,1477.8169462470846
52,10,,TT,1474.9595802107972
54,11,,TT,1477.7850975062092
55,11,,TT,1474.9799739973937
57,11,,TT,1472.3401252768224
58,11,,TT,1469.472223936571
83,13,,TT,1466.4318812671975
84,13,,TT,1470.2226847842314
87,14,,TT,1466.881855107156
88,14,,TT,1470.2271051688108
89,14,,TT,1473.2646594179766
97,15,,TT,1469.7028538652917
98,15,,TT,1473.6431987005894
99,15,,TT,1470.6922576135773
101,16,,TT,1467.7620295011086
102,16,,TT,1464.864617868339
103,16,,TT,1462.422830762661
104,16,,TT,1465.426343496434
105,16,,TT,1462.6614383213875
107,16,,TT,1465.7291756300472
108,16,,TT,1462.7187048173234
110,17,,TT,1460.0469040519147
111,17,,TT,1462.9079938331674
112,17,,TT,1459.6923358519782
113,17,,TT,1456.8340322122865
122,19,,TT,1453.885306505495
123,19,,TT,1456.5997842853444
124,19,,TT,1454.1305740151834
125,19,,TT,1451.2923356999524
126,19,,TT,1448.1892893222876
127,20,,TT,1450.8131801998704
128,20,,TT,1448.0534937187929
129,20,,TT,1444.7818876211181
130,20,,TT,1447.502633200621
131,21,,TT,1450.6716460113373
132,21,,TT,1454.3097468457515
133,21,,TT,1451.6577806666655
134,21,,TT,1449.022514372459
